Ticker;DOGE-USD
23.11.2020;0.003648
24.11.2020;0.004204
25.11.2020;0.003727
26.11.2020;0.00325
27.11.2020;0.003275
28.11.2020;0.003405
29.11.2020;0.003448
30.11.2020;0.003551
01.12.2020;0.003335
02.12.2020;0.003374
03.12.2020;0.003428
04.12.2020;0.003298
05.12.2020;0.003397
06.12.2020;0.003388
07.12.2020;0.003342
08.12.2020;0.003179
09.12.2020;0.003158
10.12.2020;0.003105
11.12.2020;0.003079
12.12.2020;0.003163
13.12.2020;0.003256
14.12.2020;0.003231
15.12.2020;0.003206
16.12.2020;0.003416
17.12.2020;0.00373
18.12.2020;0.003858
19.12.2020;0.003927
20.12.2020;0.004625
21.12.2020;0.004787
22.12.2020;0.004508
23.12.2020;0.003768
24.12.2020;0.00457
25.12.2020;0.004582
26.12.2020;0.004494
27.12.2020;0.004548
28.12.2020;0.004592
29.12.2020;0.004486
30.12.2020;0.004636
31.12.2020;0.004682
01.01.2021;0.005685
02.01.2021;0.010615
03.01.2021;0.009771
04.01.2021;0.009767
05.01.2021;0.00992
06.01.2021;0.010465
07.01.2021;0.009742
08.01.2021;0.009846
09.01.2021;0.010194
10.01.2021;0.00986
11.01.2021;0.008835
12.01.2021;0.008063
13.01.2021;0.008616
14.01.2021;0.009397
15.01.2021;0.009369
16.01.2021;0.009265
17.01.2021;0.009067
18.01.2021;0.009171
19.01.2021;0.009098
20.01.2021;0.00906
21.01.2021;0.008166
22.01.2021;0.008524
23.01.2021;0.008579
24.01.2021;0.008727
25.01.2021;0.008383
26.01.2021;0.008255
27.01.2021;0.007482
28.01.2021;0.034084
29.01.2021;0.047162
30.01.2021;0.028176
31.01.2021;0.037195999
01.02.2021;0.034875002
02.02.2021;0.031520002
03.02.2021;0.03712
04.02.2021;0.053289
05.02.2021;0.046935
06.02.2021;0.057595
07.02.2021;0.078782
08.02.2021;0.078824997
09.02.2021;0.070069999
10.02.2021;0.072896004
11.02.2021;0.069675997
12.02.2021;0.070069
13.02.2021;0.06645
14.02.2021;0.062537
15.02.2021;0.056591
16.02.2021;0.053520001
17.02.2021;0.049376
18.02.2021;0.059540998
19.02.2021;0.055139001
20.02.2021;0.054384001
21.02.2021;0.055980001
22.02.2021;0.053725
23.02.2021;0.047392
24.02.2021;0.056554999
25.02.2021;0.050167002
26.02.2021;0.050480001
27.02.2021;0.050083
28.02.2021;0.048052002
01.03.2021;0.050599001
02.03.2021;0.050262
03.03.2021;0.050592002
04.03.2021;0.050048001
05.03.2021;0.049609002
06.03.2021;0.050983999
07.03.2021;0.052122001
08.03.2021;0.061949
09.03.2021;0.057998002
10.03.2021;0.056003999
11.03.2021;0.055918001
12.03.2021;0.055349
13.03.2021;0.062431999
14.03.2021;0.058591999
15.03.2021;0.057087999
16.03.2021;0.058607001
17.03.2021;0.057652999
18.03.2021;0.057383001
19.03.2021;0.058327999
20.03.2021;0.058961
21.03.2021;0.057234
22.03.2021;0.054962002
23.03.2021;0.053555999
24.03.2021;0.051702
25.03.2021;0.051447999
26.03.2021;0.053952001
27.03.2021;0.054377001
28.03.2021;0.053698
29.03.2021;0.054051999
30.03.2021;0.0539
31.03.2021;0.053656999
01.04.2021;0.061985999
02.04.2021;0.057663999
03.04.2021;0.055803999
04.04.2021;0.057404
05.04.2021;0.059696
06.04.2021;0.064457998
07.04.2021;0.059028
08.04.2021;0.061464
09.04.2021;0.061684001
10.04.2021;0.063845001
11.04.2021;0.074648999
12.04.2021;0.070767
13.04.2021;0.093445003
14.04.2021;0.121517003
15.04.2021;0.182207003
16.04.2021;0.365869999
17.04.2021;0.284173012
18.04.2021;0.320475012
19.04.2021;0.407317996
20.04.2021;0.319499999
21.04.2021;0.306924999
22.04.2021;0.260966986
23.04.2021;0.248509005
24.04.2021;0.270211995
25.04.2021;0.251111001
26.04.2021;0.27067399
27.04.2021;0.272188008
28.04.2021;0.32368201
29.04.2021;0.305168986
30.04.2021;0.337561011
01.05.2021;0.392987013
02.05.2021;0.376046002
03.05.2021;0.441706985
04.05.2021;0.541333973
05.05.2021;0.657633007
06.05.2021;0.58080399
07.05.2021;0.684777021
08.05.2021;0.636439025
09.05.2021;0.570070028
10.05.2021;0.449963987
11.05.2021;0.495231003
12.05.2021;0.385376006
13.05.2021;0.490373999
14.05.2021;0.559603989
15.05.2021;0.507972002
16.05.2021;0.514895022
17.05.2021;0.487892002
18.05.2021;0.476114988
19.05.2021;0.333122998
20.05.2021;0.400193989
21.05.2021;0.359382004
22.05.2021;0.342370987
23.05.2021;0.308070987
24.05.2021;0.366162002
25.05.2021;0.346302003
26.05.2021;0.353693008
27.05.2021;0.332944989
28.05.2021;0.311205
29.05.2021;0.303110003
30.05.2021;0.30222401
31.05.2021;0.325809985
01.06.2021;0.370077014
02.06.2021;0.423373997
03.06.2021;0.399962991
04.06.2021;0.376323014
05.06.2021;0.372177005
06.06.2021;0.371807009
07.06.2021;0.331050009
08.06.2021;0.327686995
09.06.2021;0.343331009
10.06.2021;0.326350987
11.06.2021;0.319359004
12.06.2021;0.312083989
13.06.2021;0.324382007
14.06.2021;0.332085013
15.06.2021;0.328381002
16.06.2021;0.307761014
17.06.2021;0.306495994
18.06.2021;0.293471992
19.06.2021;0.287355989
20.06.2021;0.280900002
21.06.2021;0.178691
22.06.2021;0.191030994
23.06.2021;0.232173994
24.06.2021;0.262782007
25.06.2021;0.239152998
26.06.2021;0.244783998
27.06.2021;0.264450014
28.06.2021;0.256857008
29.06.2021;0.262769014
30.06.2021;0.254215002
01.07.2021;0.244549006
02.07.2021;0.245263994
03.07.2021;0.246410996
04.07.2021;0.246482998
05.07.2021;0.231613994
06.07.2021;0.234421998
07.07.2021;0.224125996
08.07.2021;0.207597002
09.07.2021;0.219863996
10.07.2021;0.213919997
11.07.2021;0.215856001
12.07.2021;0.208048001
13.07.2021;0.200002998
14.07.2021;0.197323993
15.07.2021;0.184888005
16.07.2021;0.172344998
17.07.2021;0.186124995
18.07.2021;0.182233006
19.07.2021;0.173556
20.07.2021;0.170800999
21.07.2021;0.190348998
22.07.2021;0.191303
23.07.2021;0.194764003
24.07.2021;0.197319001
25.07.2021;0.197863996
26.07.2021;0.204419002
27.07.2021;0.205899
28.07.2021;0.205392003
29.07.2021;0.204619005
30.07.2021;0.208820999
31.07.2021;0.208314002
01.08.2021;0.204437003
02.08.2021;0.203600004
03.08.2021;0.195967004
04.08.2021;0.20149
05.08.2021;0.200974002
06.08.2021;0.204687998
07.08.2021;0.260340989
08.08.2021;0.240044996
09.08.2021;0.256897002
10.08.2021;0.257324994
11.08.2021;0.265262991
12.08.2021;0.263920993
13.08.2021;0.286808014
14.08.2021;0.293112993
15.08.2021;0.341441005
16.08.2021;0.32071501
17.08.2021;0.299441993
18.08.2021;0.303739011
19.08.2021;0.317144006
20.08.2021;0.327490985
21.08.2021;0.316796988
22.08.2021;0.314963013
23.08.2021;0.317914009
24.08.2021;0.288738996
25.08.2021;0.292225987
26.08.2021;0.268909007
27.08.2021;0.294432998
28.08.2021;0.285629004
29.08.2021;0.281125009
30.08.2021;0.272125006
31.08.2021;0.278452992
01.09.2021;0.29440099
02.09.2021;0.295955002
03.09.2021;0.296272993
04.09.2021;0.299387991
05.09.2021;0.314527005
06.09.2021;0.308764994
07.09.2021;0.253744006
08.09.2021;0.25711301
09.09.2021;0.252595991
10.09.2021;0.239981994
11.09.2021;0.241431996
12.09.2021;0.250616997
13.09.2021;0.235906005
14.09.2021;0.240709007
15.09.2021;0.247696996
16.09.2021;0.242555007
17.09.2021;0.239930004
18.09.2021;0.241385996
19.09.2021;0.233142003
20.09.2021;0.207071006
21.09.2021;0.201027006
22.09.2021;0.224858001
23.09.2021;0.224831998
24.09.2021;0.209451005
25.09.2021;0.208639994
26.09.2021;0.204962
27.09.2021;0.200261995
28.09.2021;0.196804002
29.09.2021;0.198875993
30.09.2021;0.204244003
01.10.2021;0.223010004
02.10.2021;0.219133005
03.10.2021;0.221747994
04.10.2021;0.240851998
05.10.2021;0.252016008
06.10.2021;0.255133986
07.10.2021;0.242923006
08.10.2021;0.243851006
09.10.2021;0.246595994
10.10.2021;0.229804993
11.10.2021;0.231502995
12.10.2021;0.226242006
13.10.2021;0.232572004
14.10.2021;0.232272997
15.10.2021;0.233781993
16.10.2021;0.237292007
17.10.2021;0.237898007
18.10.2021;0.247281
19.10.2021;0.245787993
20.10.2021;0.254092991
21.10.2021;0.242391005
22.10.2021;0.244221002
23.10.2021;0.251733005
24.10.2021;0.277047992
25.10.2021;0.264706999
26.10.2021;0.255732
27.10.2021;0.237690002
28.10.2021;0.300446987
29.10.2021;0.287853003
30.10.2021;0.268344998
31.10.2021;0.280243993
01.11.2021;0.271728009
02.11.2021;0.273120999
03.11.2021;0.269407004
04.11.2021;0.263280004
05.11.2021;0.261465013
06.11.2021;0.261898011
07.11.2021;0.266315013
08.11.2021;0.282359004
09.11.2021;0.273526013
10.11.2021;0.255708992
11.11.2021;0.26116699
12.11.2021;0.259413987
13.11.2021;0.261705995
14.11.2021;0.262912005
15.11.2021;0.256529003
16.11.2021;0.237249002
17.11.2021;0.237487003
18.11.2021;0.221383005
19.11.2021;0.233109996
20.11.2021;0.233024001
21.11.2021;0.226328
22.11.2021;0.219676003
23.11.2021;0.226512
24.11.2021;0.221825004
25.11.2021;0.216325998
26.11.2021;0.200886995
27.11.2021;0.205347002
28.11.2021;0.207471997
29.11.2021;0.215175003
30.11.2021;0.214715004
01.12.2021;0.209487006
02.12.2021;0.209726006
03.12.2021;0.199992999
04.12.2021;0.178853005
05.12.2021;0.171255007
06.12.2021;0.178399995
07.12.2021;0.176805004
08.12.2021;0.179150999
09.12.2021;0.169484004
10.12.2021;0.164422005
11.12.2021;0.169018999
12.12.2021;0.169891
13.12.2021;0.157564998
14.12.2021;0.180157006
15.12.2021;0.181081995
16.12.2021;0.173454002
17.12.2021;0.169009998
18.12.2021;0.172399998
19.12.2021;0.169576004
20.12.2021;0.167321995
21.12.2021;0.171175003
22.12.2021;0.173214003
23.12.2021;0.184489995
24.12.2021;0.186621994
25.12.2021;0.190657005
26.12.2021;0.190019995
27.12.2021;0.187704995
28.12.2021;0.174116999
29.12.2021;0.167765006
30.12.2021;0.171313003
31.12.2021;0.170496002
01.01.2022;0.173034996
02.01.2022;0.174402997
03.01.2022;0.170087993
04.01.2022;0.168803006
05.01.2022;0.159419999
06.01.2022;0.160212994
07.01.2022;0.155022994
08.01.2022;0.151953995
09.01.2022;0.151065007
10.01.2022;0.143359005
11.01.2022;0.153399006
12.01.2022;0.161651999
13.01.2022;0.172042996
14.01.2022;0.183549002
15.01.2022;0.185102999
16.01.2022;0.177175999
17.01.2022;0.171145007
18.01.2022;0.165484995
19.01.2022;0.162356004
20.01.2022;0.155203998
21.01.2022;0.142639995
22.01.2022;0.132891998
23.01.2022;0.141863003
24.01.2022;0.137797996
25.01.2022;0.143049002
26.01.2022;0.143788993
27.01.2022;0.141247004
28.01.2022;0.141655996
29.01.2022;0.143056005
30.01.2022;0.139470994
31.01.2022;0.141804993
01.02.2022;0.142630994
02.02.2022;0.137235001
03.02.2022;0.137540996
04.02.2022;0.147503003
05.02.2022;0.147140995
06.02.2022;0.15377
07.02.2022;0.165577993
08.02.2022;0.158405006
09.02.2022;0.159123003
10.02.2022;0.151888996
11.02.2022;0.144847006
12.02.2022;0.144405007
13.02.2022;0.148947999
14.02.2022;0.146002993
15.02.2022;0.151760995
16.02.2022;0.149094999
17.02.2022;0.138551995
18.02.2022;0.138768002
19.02.2022;0.141205996
20.02.2022;0.136868
21.02.2022;0.128490001
22.02.2022;0.131552994
23.02.2022;0.127846003
24.02.2022;0.123813003
25.02.2022;0.127575994
26.02.2022;0.127646998
27.02.2022;0.123111002
28.02.2022;0.133156002
01.03.2022;0.133938
02.03.2022;0.132990003
03.03.2022;0.129610002
04.03.2022;0.122590996
05.03.2022;0.124995999
06.03.2022;0.120765999
07.03.2022;0.117105
08.03.2022;0.117028996
09.03.2022;0.121587999
10.03.2022;0.116884999
11.03.2022;0.115602002
12.03.2022;0.115135998
13.03.2022;0.111607999
14.03.2022;0.114047997
15.03.2022;0.112783998
16.03.2022;0.116907999
17.03.2022;0.116502002
18.03.2022;0.119305998
19.03.2022;0.123568997
20.03.2022;0.119153999
21.03.2022;0.119338997
22.03.2022;0.122481003
23.03.2022;0.129727006
24.03.2022;0.136549994
25.03.2022;0.131013006
26.03.2022;0.135867998
27.03.2022;0.144731998
28.03.2022;0.142656997
29.03.2022;0.144470006
30.03.2022;0.143209994
31.03.2022;0.137825996
01.04.2022;0.141314998
02.04.2022;0.138913006
03.04.2022;0.146452993
04.04.2022;0.148590997
05.04.2022;0.172906995
06.04.2022;0.143417001
07.04.2022;0.146101996
08.04.2022;0.142548993
09.04.2022;0.144302994
10.04.2022;0.149535
11.04.2022;0.134654
12.04.2022;0.138076007
13.04.2022;0.140080005
14.04.2022;0.143920004
15.04.2022;0.146026
16.04.2022;0.143711999
17.04.2022;0.139458999
18.04.2022;0.140285999
19.04.2022;0.142664999
20.04.2022;0.140878007
21.04.2022;0.136364996
22.04.2022;0.136395007
23.04.2022;0.134241
24.04.2022;0.131946996
25.04.2022;0.157958999
26.04.2022;0.137767002
27.04.2022;0.139699996
28.04.2022;0.137363002
29.04.2022;0.135027006
30.04.2022;0.127556995
01.05.2022;0.132772997
02.05.2022;0.130937994
03.05.2022;0.129519999
04.05.2022;0.135809004
05.05.2022;0.128429994
06.05.2022;0.127901003
07.05.2022;0.127532005
08.05.2022;0.124206997
09.05.2022;0.104823999
10.05.2022;0.108476996
11.05.2022;0.084581003
12.05.2022;0.082671002
13.05.2022;0.088330999
14.05.2022;0.089795999
15.05.2022;0.092843004
16.05.2022;0.087840997
17.05.2022;0.090213001
18.05.2022;0.083649002
19.05.2022;0.086723
20.05.2022;0.083976999
21.05.2022;0.084463
22.05.2022;0.086104997
23.05.2022;0.083253004
24.05.2022;0.083636999
25.05.2022;0.082984999
26.05.2022;0.078252003
27.05.2022;0.081335001
28.05.2022;0.081839003
29.05.2022;0.082686
30.05.2022;0.087871
31.05.2022;0.085864998
01.06.2022;0.081055999
02.06.2022;0.082772002
03.06.2022;0.080441996
04.06.2022;0.081776999
05.06.2022;0.081229001
06.06.2022;0.082529999
07.06.2022;0.080513
08.06.2022;0.079438999
09.06.2022;0.079336002
10.06.2022;0.075453997
11.06.2022;0.069894999
12.06.2022;0.064336002
13.06.2022;0.053920999
14.06.2022;0.055592
15.06.2022;0.063000001
16.06.2022;0.055029001
17.06.2022;0.056995001
18.06.2022;0.053011999
19.06.2022;0.060396001
20.06.2022;0.060176998
21.06.2022;0.065571003
22.06.2022;0.061710998
23.06.2022;0.064032003
24.06.2022;0.067124002
25.06.2022;0.068503
26.06.2022;0.073177002
27.06.2022;0.072238997
28.06.2022;0.065957002
29.06.2022;0.069467999
30.06.2022;0.066086002
01.07.2022;0.066174999
02.07.2022;0.066698
03.07.2022;0.067179002
04.07.2022;0.069472
05.07.2022;0.067155004
06.07.2022;0.068582997
07.07.2022;0.070620999
08.07.2022;0.069256999
09.07.2022;0.069512002
10.07.2022;0.067263
11.07.2022;0.061847001
12.07.2022;0.060086999
13.07.2022;0.061953001
14.07.2022;0.062394001
15.07.2022;0.063042
16.07.2022;0.064280003
17.07.2022;0.063106999
18.07.2022;0.067714997
19.07.2022;0.069013
20.07.2022;0.070119999
21.07.2022;0.069959998
22.07.2022;0.067562997
23.07.2022;0.068124004
24.07.2022;0.067723997
25.07.2022;0.062306002
26.07.2022;0.062512003
27.07.2022;0.067020997
28.07.2022;0.069108002
29.07.2022;0.068908997
30.07.2022;0.069643997
31.07.2022;0.068272002
01.08.2022;0.068724997
02.08.2022;0.066693999
03.08.2022;0.066195004
04.08.2022;0.067357004
05.08.2022;0.069765002
06.08.2022;0.068673998
07.08.2022;0.068939999
08.08.2022;0.070055
09.08.2022;0.069124997
10.08.2022;0.071194999
11.08.2022;0.070929997
12.08.2022;0.072345003
13.08.2022;0.072839998
14.08.2022;0.081687003
15.08.2022;0.076719999
16.08.2022;0.086963996
17.08.2022;0.080154002
18.08.2022;0.075079001
19.08.2022;0.067938998
20.08.2022;0.069540001
21.08.2022;0.069448002
22.08.2022;0.068391003
23.08.2022;0.068769999
24.08.2022;0.067989998
25.08.2022;0.069094002
26.08.2022;0.063571997
27.08.2022;0.063587002
28.08.2022;0.061786
29.08.2022;0.063887
30.08.2022;0.061524998
31.08.2022;0.061330002
01.09.2022;0.062371999
02.09.2022;0.061634999
03.09.2022;0.062693998
04.09.2022;0.063225999
05.09.2022;0.062738001
06.09.2022;0.058983002
07.09.2022;0.061104
08.09.2022;0.060977001
09.09.2022;0.064018004
10.09.2022;0.064776003
11.09.2022;0.063713998
12.09.2022;0.063905001
13.09.2022;0.060129002
14.09.2022;0.061172999
15.09.2022;0.058791
16.09.2022;0.060423002
17.09.2022;0.062210001
18.09.2022;0.057519998
19.09.2022;0.058612
20.09.2022;0.058417
21.09.2022;0.057404
22.09.2022;0.059599001
23.09.2022;0.063336
24.09.2022;0.063234001
25.09.2022;0.061152
26.09.2022;0.061089002
27.09.2022;0.060609002
28.09.2022;0.060623001
29.09.2022;0.060727999
30.09.2022;0.061652999
01.10.2022;0.060626999
02.10.2022;0.059287999
03.10.2022;0.060384002
04.10.2022;0.065962002
05.10.2022;0.064735003
06.10.2022;0.063444003
07.10.2022;0.062408999
08.10.2022;0.061678
09.10.2022;0.062155999
10.10.2022;0.059512999
11.10.2022;0.060258001
12.10.2022;0.059881002
13.10.2022;0.059673999
14.10.2022;0.058642998
15.10.2022;0.05858
16.10.2022;0.058913998
17.10.2022;0.059935
18.10.2022;0.059776001
19.10.2022;0.058713
20.10.2022;0.059535999
21.10.2022;0.059333999
22.10.2022;0.059694
23.10.2022;0.060346998
24.10.2022;0.059505999
25.10.2022;0.062881999
26.10.2022;0.072800003
27.10.2022;0.077018
28.10.2022;0.083897002
29.10.2022;0.121602997
30.10.2022;0.117802002
31.10.2022;0.127026007
01.11.2022;0.142574996
02.11.2022;0.127829999
03.11.2022;0.122592002
04.11.2022;0.126279995
05.11.2022;0.124388002
06.11.2022;0.114606
07.11.2022;0.111299001
08.11.2022;0.088409998
09.11.2022;0.074288003
10.11.2022;0.089789003
11.11.2022;0.084885001
12.11.2022;0.088039003
13.11.2022;0.084893003
14.11.2022;0.085878998
15.11.2022;0.086971
16.11.2022;0.085583001
17.11.2022;0.084765002
18.11.2022;0.084671997
19.11.2022;0.084581003
20.11.2022;0.077174
21.11.2022;0.074711002
22.11.2022;0.078488
23.11.2022;0.081785999
24.11.2022;0.081481002
25.11.2022;0.089474998
26.11.2022;0.088987999
27.11.2022;0.098711997
28.11.2022;0.095122002
29.11.2022;0.101852998
30.11.2022;0.106859997
01.12.2022;0.101584002
02.12.2022;0.102147996
03.12.2022;0.099823996
04.12.2022;0.104286
05.12.2022;0.101474002
06.12.2022;0.100277998
07.12.2022;0.095783003
08.12.2022;0.098540001
09.12.2022;0.096662
10.12.2022;0.096456997
11.12.2022;0.092874996
12.12.2022;0.090258002
13.12.2022;0.090939999
14.12.2022;0.088514
15.12.2022;0.084721997
16.12.2022;0.075942002
17.12.2022;0.079267003
18.12.2022;0.078640997
19.12.2022;0.071428999
20.12.2022;0.074934997
21.12.2022;0.073679
22.12.2022;0.076967001
23.12.2022;0.077128999
24.12.2022;0.077647999
25.12.2022;0.075952001
26.12.2022;0.075782999
27.12.2022;0.073724002
28.12.2022;0.070381001
29.12.2022;0.071042001
30.12.2022;0.068403997
31.12.2022;0.070294
01.01.2023;0.070225
02.01.2023;0.071454003
03.01.2023;0.070468001
04.01.2023;0.073237002
05.01.2023;0.071549997
06.01.2023;0.072470002
07.01.2023;0.072222002
08.01.2023;0.073601
09.01.2023;0.075783998
10.01.2023;0.077729002
11.01.2023;0.078152999
12.01.2023;0.080286004
13.01.2023;0.084438004
14.01.2023;0.087323003
15.01.2023;0.086130999
16.01.2023;0.083636001
17.01.2023;0.082982004
18.01.2023;0.080191001
19.01.2023;0.081660002
20.01.2023;0.086402997
21.01.2023;0.084765002
22.01.2023;0.088303998
23.01.2023;0.088605002
24.01.2023;0.083949998
25.01.2023;0.086594
26.01.2023;0.086373001
27.01.2023;0.087122999
28.01.2023;0.087788001
29.01.2023;0.090232998
30.01.2023;0.088336997
31.01.2023;0.096166998
01.02.2023;0.094171003
02.02.2023;0.090979002
03.02.2023;0.092987001
04.02.2023;0.095781997
05.02.2023;0.092095003
06.02.2023;0.089548998
07.02.2023;0.092575997
08.02.2023;0.090155996
09.02.2023;0.081479996
10.02.2023;0.081090003
11.02.2023;0.082372002
12.02.2023;0.082144
13.02.2023;0.082156003
14.02.2023;0.083534002
15.02.2023;0.089290999
16.02.2023;0.085043997
17.02.2023;0.087765999
18.02.2023;0.088927001
19.02.2023;0.086966
20.02.2023;0.088207997
21.02.2023;0.085413001
22.02.2023;0.085533999
23.02.2023;0.084292002
24.02.2023;0.080899999
25.02.2023;0.080785997
26.02.2023;0.082202002
27.02.2023;0.081354
28.02.2023;0.080748998
01.03.2023;0.081964001
02.03.2023;0.080519997
03.03.2023;0.076777004
04.03.2023;0.074556001
05.03.2023;0.074795
06.03.2023;0.074804999
07.03.2023;0.074047998
08.03.2023;0.07113
09.03.2023;0.065986998
10.03.2023;0.065833002
11.03.2023;0.066593997
12.03.2023;0.071001001
13.03.2023;0.073040999
14.03.2023;0.074786998
15.03.2023;0.069866002
16.03.2023;0.072718002
17.03.2023;0.076508999
18.03.2023;0.07305
19.03.2023;0.074813001
20.03.2023;0.071487002
21.03.2023;0.076894
22.03.2023;0.073999003
23.03.2023;0.077412002
24.03.2023;0.074680001
25.03.2023;0.074043997
26.03.2023;0.074417002
27.03.2023;0.072894998
28.03.2023;0.073822998
29.03.2023;0.075626999
30.03.2023;0.074244998
31.03.2023;0.077035002
01.04.2023;0.084050998
02.04.2023;0.079089001
03.04.2023;0.096078999
04.04.2023;0.095159002
05.04.2023;0.092817001
06.04.2023;0.085412003
07.04.2023;0.082456
08.04.2023;0.081404999
09.04.2023;0.083290003
10.04.2023;0.084852003
11.04.2023;0.084237002
12.04.2023;0.083433002
13.04.2023;0.087484002
14.04.2023;0.088785
15.04.2023;0.088973999
16.04.2023;0.090471998
17.04.2023;0.091449
18.04.2023;0.093989
19.04.2023;0.087867998
20.04.2023;0.083936997
21.04.2023;0.078478999
22.04.2023;0.080375001
23.04.2023;0.078819998
24.04.2023;0.078783996
25.04.2023;0.079847001
26.04.2023;0.078622997
27.04.2023;0.080190003
28.04.2023;0.080363996
29.04.2023;0.081629999
30.04.2023;0.079769
01.05.2023;0.078819998
02.05.2023;0.078805998
03.05.2023;0.079713002
04.05.2023;0.078449003
05.05.2023;0.080389999
06.05.2023;0.076998003
07.05.2023;0.076710001
08.05.2023;0.072472997
09.05.2023;0.073138997
10.05.2023;0.073225997
11.05.2023;0.072085001
12.05.2023;0.072458997
13.05.2023;0.071777001
14.05.2023;0.071985997
15.05.2023;0.072045997
16.05.2023;0.072728999
17.05.2023;0.074910998
18.05.2023;0.073546
19.05.2023;0.073527001
20.05.2023;0.07367
21.05.2023;0.072141998
22.05.2023;0.072998002
23.05.2023;0.072864003
24.05.2023;0.070735
25.05.2023;0.070874996
26.05.2023;0.070983998
27.05.2023;0.072682999
28.05.2023;0.073613003
29.05.2023;0.073184997
30.05.2023;0.072361
31.05.2023;0.071659997
01.06.2023;0.071492001
02.06.2023;0.072612002
03.06.2023;0.072671004
04.06.2023;0.072471
05.06.2023;0.066573001
06.06.2023;0.070372999
07.06.2023;0.067299999
08.06.2023;0.067965999
09.06.2023;0.069489002
10.06.2023;0.061859999
11.06.2023;0.061586998
12.06.2023;0.061459001
13.06.2023;0.061723001
14.06.2023;0.060387
15.06.2023;0.061503001
16.06.2023;0.062102001
17.06.2023;0.062217001
18.06.2023;0.062167
19.06.2023;0.062341001
20.06.2023;0.063045003
21.06.2023;0.065704003
22.06.2023;0.065642998
23.06.2023;0.068173997
24.06.2023;0.066742003
25.06.2023;0.066763997
26.06.2023;0.064749002
27.06.2023;0.065545
28.06.2023;0.062601998
29.06.2023;0.063406996
30.06.2023;0.066478997
01.07.2023;0.068478003
02.07.2023;0.068038002
03.07.2023;0.068352997
04.07.2023;0.068940997
05.07.2023;0.067033
06.07.2023;0.065026
07.07.2023;0.065425001
08.07.2023;0.065761
09.07.2023;0.065435
10.07.2023;0.065242998
11.07.2023;0.065287001
12.07.2023;0.065071002
13.07.2023;0.070506997
14.07.2023;0.068529002
15.07.2023;0.071927004
16.07.2023;0.069554001
17.07.2023;0.069904998
18.07.2023;0.068582997
19.07.2023;0.070159003
20.07.2023;0.070515998
21.07.2023;0.073294997
22.07.2023;0.070432998
23.07.2023;0.071819
24.07.2023;0.074267998
25.07.2023;0.081845
26.07.2023;0.077958003
27.07.2023;0.077561997
28.07.2023;0.077321
29.07.2023;0.080187999
30.07.2023;0.078061
31.07.2023;0.077817999
01.08.2023;0.078042001
02.08.2023;0.074212998
03.08.2023;0.073615
04.08.2023;0.073416002
05.08.2023;0.075686
06.08.2023;0.074266002
07.08.2023;0.073422
08.08.2023;0.074986003
09.08.2023;0.075314
10.08.2023;0.075802997
11.08.2023;0.075666003
12.08.2023;0.076742001
13.08.2023;0.074782997
14.08.2023;0.074731
15.08.2023;0.070863001
16.08.2023;0.067183003
17.08.2023;0.061184999
18.08.2023;0.063234001
19.08.2023;0.063758001
20.08.2023;0.063830003
21.08.2023;0.062528998
22.08.2023;0.062599003
23.08.2023;0.063777998
24.08.2023;0.063036002
25.08.2023;0.063083999
26.08.2023;0.062867999
27.08.2023;0.063170999
28.08.2023;0.063437998
29.08.2023;0.06639
30.08.2023;0.065838002
31.08.2023;0.063785002
01.09.2023;0.063849002
02.09.2023;0.063493997
03.09.2023;0.063173003
04.09.2023;0.063184999
05.09.2023;0.063992001
06.09.2023;0.063612998
07.09.2023;0.063579001
08.09.2023;0.063648999
09.09.2023;0.063405
10.09.2023;0.061326999
11.09.2023;0.060462002
12.09.2023;0.060950998
13.09.2023;0.061280001
14.09.2023;0.062072001
15.09.2023;0.062553003
16.09.2023;0.062148001
17.09.2023;0.061517
18.09.2023;0.062015999
19.09.2023;0.062709004
20.09.2023;0.062629998
21.09.2023;0.061345998
22.09.2023;0.061531
23.09.2023;0.061507002
24.09.2023;0.060743
25.09.2023;0.060959
26.09.2023;0.060598999
27.09.2023;0.060504001
28.09.2023;0.061484002
29.09.2023;0.062178001
30.09.2023;0.062141001
01.10.2023;0.063193001
02.10.2023;0.062059999
03.10.2023;0.061386
04.10.2023;0.061487999
05.10.2023;0.060922999
06.10.2023;0.061425999
07.10.2023;0.061455
08.10.2023;0.061007999
09.10.2023;0.058779001
10.10.2023;0.059025001
11.10.2023;0.05847
12.10.2023;0.057897002
13.10.2023;0.058398001
14.10.2023;0.059859
15.10.2023;0.059349999
16.10.2023;0.060114
17.10.2023;0.059119999
18.10.2023;0.058673002
19.10.2023;0.058883
20.10.2023;0.059965
21.10.2023;0.061188001
22.10.2023;0.061595999
23.10.2023;0.067084998
24.10.2023;0.066555999
25.10.2023;0.068360999
26.10.2023;0.071866997
27.10.2023;0.067881003
28.10.2023;0.069000997
29.10.2023;0.069358997
30.10.2023;0.069650002
31.10.2023;0.068277001
01.11.2023;0.068841003
02.11.2023;0.067933999
03.11.2023;0.068144001
04.11.2023;0.069078997
05.11.2023;0.071223997
06.11.2023;0.076380998
07.11.2023;0.073518001
08.11.2023;0.075480998
09.11.2023;0.073461004
10.11.2023;0.075443998
11.11.2023;0.078405999
12.11.2023;0.077981003
13.11.2023;0.074781999
14.11.2023;0.072457001
15.11.2023;0.076356001
16.11.2023;0.079277001
17.11.2023;0.086304002
18.11.2023;0.080383003
19.11.2023;0.080576003
20.11.2023;0.077878997
21.11.2023;0.072118998
22.11.2023;0.075783998
23.11.2023;0.076200001
24.11.2023;0.078217
25.11.2023;0.078955002
26.11.2023;0.078704
27.11.2023;0.078787997
28.11.2023;0.081009001
29.11.2023;0.080592997
30.11.2023;0.083416998
01.12.2023;0.083857
02.12.2023;0.086278997
03.12.2023;0.085615002
04.12.2023;0.091940001
05.12.2023;0.094246998
06.12.2023;0.094864003
07.12.2023;0.095919997
08.12.2023;0.101470001
09.12.2023;0.098541997
10.12.2023;0.101801001
11.12.2023;0.094384
12.12.2023;0.093835004
13.12.2023;0.096427999
14.12.2023;0.098255001
15.12.2023;0.093004003
16.12.2023;0.097056001
17.12.2023;0.093097001
18.12.2023;0.092036001
19.12.2023;0.090296999
20.12.2023;0.091417
21.12.2023;0.095004
22.12.2023;0.095197998
23.12.2023;0.093561999
24.12.2023;0.091894999
25.12.2023;0.094448999
26.12.2023;0.091356002
27.12.2023;0.093579002
28.12.2023;0.091884002
29.12.2023;0.091038004
30.12.2023;0.090148002
31.12.2023;0.089472003
01.01.2024;0.092023998
02.01.2024;0.091204002
03.01.2024;0.082042001
04.01.2024;0.084131002
05.01.2024;0.082773
06.01.2024;0.080664001
07.01.2024;0.078225002
08.01.2024;0.081370004
09.01.2024;0.079263002
10.01.2024;0.082942002
11.01.2024;0.084624998
12.01.2024;0.080045998
13.01.2024;0.080922998
14.01.2024;0.079977997
15.01.2024;0.081124999
16.01.2024;0.081309997
17.01.2024;0.080504999
18.01.2024;0.077987
19.01.2024;0.078535996
20.01.2024;0.087888002
21.01.2024;0.085272998
22.01.2024;0.080340996
23.01.2024;0.078153998
24.01.2024;0.079016
25.01.2024;0.077932999
26.01.2024;0.079901002
27.01.2024;0.080141999
28.01.2024;0.078813002
29.01.2024;0.081289001
30.01.2024;0.079723001
31.01.2024;0.078763999
01.02.2024;0.079327002
02.02.2024;0.079232998
03.02.2024;0.078651004
04.02.2024;0.078238003
05.02.2024;0.078220002
06.02.2024;0.078465998
07.02.2024;0.080104001
08.02.2024;0.079870999
09.02.2024;0.081579
10.02.2024;0.081448004
11.02.2024;0.081193
12.02.2024;0.082345001
13.02.2024;0.081088997
14.02.2024;0.085542999
15.02.2024;0.085355997
16.02.2024;0.086012997
17.02.2024;0.083593003
18.02.2024;0.085166
19.02.2024;0.089477003
20.02.2024;0.086143002
21.02.2024;0.084615
22.02.2024;0.084089004
23.02.2024;0.084434003
24.02.2024;0.086156003
25.02.2024;0.086098999
26.02.2024;0.089388996
27.02.2024;0.097671002
28.02.2024;0.116581999
29.02.2024;0.117184997
01.03.2024;0.139557004
02.03.2024;0.142121002
03.03.2024;0.153835997
04.03.2024;0.182909995
05.03.2024;0.153936997
06.03.2024;0.157791004
07.03.2024;0.158121005
08.03.2024;0.165346995
09.03.2024;0.179083005
10.03.2024;0.169919997
11.03.2024;0.181964993
12.03.2024;0.168144003
13.03.2024;0.169157997
14.03.2024;0.177330002
15.03.2024;0.163231
16.03.2024;0.142368004
17.03.2024;0.15433
18.03.2024;0.143673003
19.03.2024;0.128728002
20.03.2024;0.152186006
21.03.2024;0.155292004
22.03.2024;0.152703002
23.03.2024;0.161768004
24.03.2024;0.176452994
25.03.2024;0.175366998
26.03.2024;0.182485998
27.03.2024;0.190329999
28.03.2024;0.220055997
29.03.2024;0.213490993
30.03.2024;0.199433997
31.03.2024;0.220063999
01.04.2024;0.205569997
02.04.2024;0.182303995
03.04.2024;0.175547004
04.04.2024;0.179925993
05.04.2024;0.177517995
06.04.2024;0.185950994
07.04.2024;0.199108005
08.04.2024;0.202639997
09.04.2024;0.189000994
10.04.2024;0.199983999
11.04.2024;0.194011003
12.04.2024;0.174596995
13.04.2024;0.153167993
14.04.2024;0.162285
15.04.2024;0.161368996
16.04.2024;0.155989006
17.04.2024;0.147605002
18.04.2024;0.152447999
19.04.2024;0.156268001
20.04.2024;0.162827
21.04.2024;0.158260003
22.04.2024;0.161193997
23.04.2024;0.159943998
24.04.2024;0.151354
25.04.2024;0.151393995
26.04.2024;0.147836998
27.04.2024;0.147716001
28.04.2024;0.146698996
29.04.2024;0.143491998
30.04.2024;0.133327007
01.05.2024;0.130134001
02.05.2024;0.132106006
03.05.2024;0.146145999
04.05.2024;0.160156995
05.05.2024;0.161068007
06.05.2024;0.156608
07.05.2024;0.150189996
08.05.2024;0.143294007
09.05.2024;0.152116999
10.05.2024;0.144031003
11.05.2024;0.142923996
12.05.2024;0.141231
13.05.2024;0.148433998
14.05.2024;0.145419002
15.05.2024;0.155525997
16.05.2024;0.149636999
17.05.2024;0.155562997
18.05.2024;0.153077006
19.05.2024;0.149106994
20.05.2024;0.165687993
21.05.2024;0.170473993
22.05.2024;0.166162997
23.05.2024;0.159612998
24.05.2024;0.163802996
25.05.2024;0.17396
26.05.2024;0.166219994
27.05.2024;0.169090003
28.05.2024;0.164961994
29.05.2024;0.163694993
30.05.2024;0.159544006
31.05.2024;0.159135997
01.06.2024;0.1602
02.06.2024;0.157201007
03.06.2024;0.158281997
04.06.2024;0.161449999
05.06.2024;0.163234994
06.06.2024;0.160159007
07.06.2024;0.148303002
08.06.2024;0.146059006
09.06.2024;0.146773994
10.06.2024;0.14474
11.06.2024;0.138104007
12.06.2024;0.146195993
13.06.2024;0.141059995
14.06.2024;0.134969994
15.06.2024;0.136565998
16.06.2024;0.136937007
17.06.2024;0.128888994
18.06.2024;0.122295998
19.06.2024;0.122341
20.06.2024;0.124419004
21.06.2024;0.124029003
22.06.2024;0.123788998
23.06.2024;0.122257002
24.06.2024;0.119043
25.06.2024;0.126153007
26.06.2024;0.122679003
27.06.2024;0.126910999
28.06.2024;0.122789003
29.06.2024;0.121698998
30.06.2024;0.124305002
01.07.2024;0.123442002
02.07.2024;0.125016004
03.07.2024;0.118470997
04.07.2024;0.104887001
05.07.2024;0.105594002
06.07.2024;0.113614999
07.07.2024;0.104231998
08.07.2024;0.107580997
09.07.2024;0.107513003
10.07.2024;0.108021997
11.07.2024;0.106666997
12.07.2024;0.107685
13.07.2024;0.112356
14.07.2024;0.115448996
15.07.2024;0.125228003
16.07.2024;0.124931
17.07.2024;0.121884003
18.07.2024;0.119496003
19.07.2024;0.125479996
20.07.2024;0.134430006
21.07.2024;0.140168995
22.07.2024;0.137880996
23.07.2024;0.130391002
24.07.2024;0.128087997
25.07.2024;0.125220999
26.07.2024;0.134317994
27.07.2024;0.131592005
28.07.2024;0.130074993
29.07.2024;0.128674001
30.07.2024;0.125595003
31.07.2024;0.122014001
01.08.2024;0.119236
02.08.2024;0.111507997
03.08.2024;0.108168997
04.08.2024;0.103733003
05.08.2024;0.094503
06.08.2024;0.096371002
07.08.2024;0.095514998
08.08.2024;0.107404001
09.08.2024;0.103974
10.08.2024;0.105201997
11.08.2024;0.100566
12.08.2024;0.107767001
13.08.2024;0.106416002
14.08.2024;0.102554999
15.08.2024;0.100267
16.08.2024;0.100438997
17.08.2024;0.102755003
18.08.2024;0.100171998
19.08.2024;0.101503998
20.08.2024;0.103000998
21.08.2024;0.106156997
22.08.2024;0.105308004
23.08.2024;0.112926997
24.08.2024;0.112631001
25.08.2024;0.109697998
26.08.2024;0.105292
27.08.2024;0.099055998
28.08.2024;0.099627003
29.08.2024;0.100424998
30.08.2024;0.102043003
31.08.2024;0.101332001
01.09.2024;0.095353998
02.09.2024;0.099114999
03.09.2024;0.096718997
04.09.2024;0.098025002
05.09.2024;0.098309003
06.09.2024;0.092483997
07.09.2024;0.095261
08.09.2024;0.096079998
09.09.2024;0.103828996
10.09.2024;0.102711998
11.09.2024;0.101378001
12.09.2024;0.102798998
13.09.2024;0.107114002
14.09.2024;0.105466999
15.09.2024;0.102932997
16.09.2024;0.099693
17.09.2024;0.101136997
18.09.2024;0.103584997
19.09.2024;0.105030999
20.09.2024;0.105471
21.09.2024;0.110049002
22.09.2024;0.106339
23.09.2024;0.108156003
24.09.2024;0.109774999
25.09.2024;0.108503997
26.09.2024;0.118175998
27.09.2024;0.123714
28.09.2024;0.128671005
29.09.2024;0.124674
30.09.2024;0.114427999
01.10.2024;0.107042998
02.10.2024;0.104759
03.10.2024;0.105099
04.10.2024;0.109264001
05.10.2024;0.109486997
06.10.2024;0.111479998
07.10.2024;0.108654998
08.10.2024;0.107043996
09.10.2024;0.107938997
10.10.2024;0.105980001
11.10.2024;0.110733002
12.10.2024;0.111415997
13.10.2024;0.111336
14.10.2024;0.116654001
15.10.2024;0.117527001
16.10.2024;0.125772998
17.10.2024;0.129657999
18.10.2024;0.137213007
19.10.2024;0.144527003
20.10.2024;0.142083004
21.10.2024;0.143690005
22.10.2024;0.139507994
23.10.2024;0.138496995
24.10.2024;0.141986996
25.10.2024;0.131013006
26.10.2024;0.137356997
27.10.2024;0.144311994
28.10.2024;0.161149994
29.10.2024;0.175839007
30.10.2024;0.168145999
31.10.2024;0.161372006
01.11.2024;0.159185007
02.11.2024;0.159316003
03.11.2024;0.151454002
04.11.2024;0.158345997
05.11.2024;0.170179993
06.11.2024;0.196658
07.11.2024;0.193158999
08.11.2024;0.202132002
09.11.2024;0.218760997
10.11.2024;0.279094994
11.11.2024;0.349521011
12.11.2024;0.382221013
13.11.2024;0.39952299
14.11.2024;0.361645997
15.11.2024;0.379189014
16.11.2024;0.363748014
17.11.2024;0.366560012
18.11.2024;0.371740997
19.11.2024;0.391355991
20.11.2024;0.377496988
21.11.2024;0.387616992
22.11.2024;0.412923992
23.11.2024;0.430011988
24.11.2024;0.42988199
25.11.2024;0.393339992
26.11.2024;0.387618005
27.11.2024;0.401524991
28.11.2024;0.402018011
29.11.2024;0.425839007
30.11.2024;0.421970993
01.12.2024;0.440023005
02.12.2024;0.424670011
03.12.2024;0.407882005
04.12.2024;0.431957006
05.12.2024;0.43058601
06.12.2024;0.435709
07.12.2024;0.453886986
08.12.2024;0.467296988
09.12.2024;0.414718986
10.12.2024;0.394520015
11.12.2024;0.414492011
12.12.2024;0.406547993
13.12.2024;0.409081012
14.12.2024;0.397976011
15.12.2024;0.406271994
16.12.2024;0.401933998
17.12.2024;0.394336998
18.12.2024;0.358038992
19.12.2024;0.31506601
20.12.2024;0.317712992
21.12.2024;0.320951015
22.12.2024;0.312191993
23.12.2024;0.324218988
24.12.2024;0.336923987
25.12.2024;0.334318995
26.12.2024;0.312256008
27.12.2024;0.311035991
28.12.2024;0.323918998
29.12.2024;0.314319998
30.12.2024;0.313513994
31.12.2024;0.31568101
01.01.2025;0.324306011
02.01.2025;0.338609993
03.01.2025;0.379278988
04.01.2025;0.394746006
05.01.2025;0.382562995
06.01.2025;0.387957007
07.01.2025;0.348437011
08.01.2025;0.342247993
09.01.2025;0.320912004
10.01.2025;0.333981007
11.01.2025;0.340954989
12.01.2025;0.335958987
13.01.2025;0.338299006
14.01.2025;0.35611999
15.01.2025;0.385710001
16.01.2025;0.376747996
17.01.2025;0.415939003
18.01.2025;0.396081001
19.01.2025;0.357757002
20.01.2025;0.354607999
21.01.2025;0.371576995
22.01.2025;0.363056004
23.01.2025;0.352353007
24.01.2025;0.350739986
25.01.2025;0.353776008
26.01.2025;0.336326003
27.01.2025;0.333822012
28.01.2025;0.319074005
29.01.2025;0.323864013
30.01.2025;0.331508994
31.01.2025;0.32872799
01.02.2025;0.308357
02.02.2025;0.267509013
03.02.2025;0.28500399
04.02.2025;0.264144003
05.02.2025;0.256233007
06.02.2025;0.248083994
07.02.2025;0.246612996
08.02.2025;0.253266007
09.02.2025;0.249290004
10.02.2025;0.255259991
11.02.2025;0.253122002
12.02.2025;0.264122009
13.02.2025;0.262492001
14.02.2025;0.271928996
15.02.2025;0.271723986
16.02.2025;0.265740007
17.02.2025;0.258148015
18.02.2025;0.250901014
19.02.2025;0.254768014
20.02.2025;0.254860014
21.02.2025;0.239308
22.02.2025;0.246722996
23.02.2025;0.243022993
24.02.2025;0.210359007
25.02.2025;0.212389007
26.02.2025;0.205541
27.02.2025;0.206824005
28.02.2025;0.201963007
01.03.2025;0.206536993
02.03.2025;0.239267007
03.03.2025;0.199075997
04.03.2025;0.199146003
05.03.2025;0.204720005
06.03.2025;0.201727003
07.03.2025;0.197972998
08.03.2025;0.192172006
09.03.2025;0.167803004
10.03.2025;0.154060006
11.03.2025;0.164166003
12.03.2025;0.172380999
13.03.2025;0.165065005
14.03.2025;0.171799004
15.03.2025;0.176067993
16.03.2025;0.168235004
17.03.2025;0.173464999
18.03.2025;0.168028995
19.03.2025;0.178065002
20.03.2025;0.169350997
21.03.2025;0.167061999
22.03.2025;0.167343006
23.03.2025;0.172252998
24.03.2025;0.182889
25.03.2025;0.190909997
26.03.2025;0.194797993
27.03.2025;0.190494999
28.03.2025;0.180189997
29.03.2025;0.169565007
30.03.2025;0.166318998
31.03.2025;0.166714996
01.04.2025;0.174086004
02.04.2025;0.164195001
03.04.2025;0.162059993
04.04.2025;0.171097994
05.04.2025;0.169027001
06.04.2025;0.148845002
07.04.2025;0.149520993
08.04.2025;0.142106995
09.04.2025;0.160371006
10.04.2025;0.153666005
11.04.2025;0.160089001
12.04.2025;0.167611003
13.04.2025;0.162791997
14.04.2025;0.158500999
15.04.2025;0.153549999
16.04.2025;0.154688001
17.04.2025;0.155739993
18.04.2025;0.157616004
19.04.2025;0.157333001
20.04.2025;0.155184001
21.04.2025;0.159388006
22.04.2025;0.178647995
23.04.2025;0.178605005
24.04.2025;0.182457
25.04.2025;0.181830004
26.04.2025;0.181889996
27.04.2025;0.179672003
28.04.2025;0.178951994
29.04.2025;0.174636006
30.04.2025;0.172340006
01.05.2025;0.180758998
02.05.2025;0.181576997
03.05.2025;0.175757006
04.05.2025;0.170552
05.05.2025;0.170604005
06.05.2025;0.172115996
07.05.2025;0.172006994
08.05.2025;0.197577
09.05.2025;0.205290005
10.05.2025;0.248688996
11.05.2025;0.231508002
12.05.2025;0.231002003
13.05.2025;0.241215006
14.05.2025;0.232807994
15.05.2025;0.219189003
16.05.2025;0.221286997
17.05.2025;0.214698002
18.05.2025;0.234181002
19.05.2025;0.224420995
20.05.2025;0.226126
21.05.2025;0.234057993
22.05.2025;0.245028004
23.05.2025;0.224813998
24.05.2025;0.225297004
25.05.2025;0.224984005
26.05.2025;0.226025
27.05.2025;0.226163998
28.05.2025;0.220781997
29.05.2025;0.214833006
30.05.2025;0.193435997
31.05.2025;0.192579001
01.06.2025;0.193632007
02.06.2025;0.195390001
03.06.2025;0.193138003
04.06.2025;0.188235998
05.06.2025;0.171627998
06.06.2025;0.178973004
07.06.2025;0.185167998
08.06.2025;0.184173003
09.06.2025;0.194932997
10.06.2025;0.198282003
11.06.2025;0.193011001
12.06.2025;0.181547999
13.06.2025;0.180380002
14.06.2025;0.178467005
15.06.2025;0.175669
16.06.2025;0.172698006
17.06.2025;0.169668004
18.06.2025;0.170632005
19.06.2025;0.170963004
20.06.2025;0.162475005
21.06.2025;0.154168993
22.06.2025;0.151322007
23.06.2025;0.164362997
24.06.2025;0.165730998
25.06.2025;0.164578006
26.06.2025;0.159986004
27.06.2025;0.161068007
28.06.2025;0.163691998
29.06.2025;0.169602007
30.06.2025;0.165135995
01.07.2025;0.157750994
02.07.2025;0.168720007
03.07.2025;0.172033995
04.07.2025;0.162871003
05.07.2025;0.164271995
06.07.2025;0.171985999
07.07.2025;0.167965993
08.07.2025;0.170989007
09.07.2025;0.180755004
10.07.2025;0.194793001
11.07.2025;0.201187998
12.07.2025;0.197328001
13.07.2025;0.198595002
14.07.2025;0.197430998
15.07.2025;0.199162006
16.07.2025;0.212746993
17.07.2025;0.218027994
18.07.2025;0.236129001
19.07.2025;0.241493002
20.07.2025;0.272929013
21.07.2025;0.271719009
22.07.2025;0.270379007
23.07.2025;0.240649
24.07.2025;0.231974006
25.07.2025;0.236811996
26.07.2025;0.235514
27.07.2025;0.240803003
28.07.2025;0.225226
29.07.2025;0.223793
30.07.2025;0.219899997
31.07.2025;0.209873006
01.08.2025;0.201215997
02.08.2025;0.191213995
03.08.2025;0.198863998
04.08.2025;0.210412994
05.08.2025;0.199738994
06.08.2025;0.205255002
07.08.2025;0.222389996
08.08.2025;0.230214
09.08.2025;0.240325004
10.08.2025;0.234099001
11.08.2025;0.222550005
12.08.2025;0.235666007
13.08.2025;0.245202005
14.08.2025;0.223893002
15.08.2025;0.228613004
16.08.2025;0.231245995
17.08.2025;0.234565005
18.08.2025;0.222424999
19.08.2025;0.209048003
20.08.2025;0.221450001
21.08.2025;0.214748994
22.08.2025;0.240590006
23.08.2025;0.236009002
24.08.2025;0.231797993
25.08.2025;0.209823996
26.08.2025;0.218465
27.08.2025;0.218918994
28.08.2025;0.224340007
29.08.2025;0.214035004
30.08.2025;0.215979993
31.08.2025;0.213815004
01.09.2025;0.210253999
02.09.2025;0.214818001
03.09.2025;0.220559999
04.09.2025;0.212476999
05.09.2025;0.217904001
06.09.2025;0.215885997
07.09.2025;0.228442997
08.09.2025;0.241880998
09.09.2025;0.240689993
10.09.2025;0.245395005
11.09.2025;0.255658001
12.09.2025;0.275427997
13.09.2025;0.289463997
14.09.2025;0.278589994
15.09.2025;0.268629998
16.09.2025;0.26977101
17.09.2025;0.282463998
18.09.2025;0.278779
19.09.2025;0.265386999
20.09.2025;0.267749012
21.09.2025;0.261159003
22.09.2025;0.241316006
23.09.2025;0.237388
24.09.2025;0.241244003
25.09.2025;0.222706005
26.09.2025;0.232629001
27.09.2025;0.230836004
28.09.2025;0.237388
29.09.2025;0.235056996
30.09.2025;0.232905
01.10.2025;0.248365
02.10.2025;0.261936992
03.10.2025;0.258603007
04.10.2025;0.250916988
05.10.2025;0.252954006
06.10.2025;0.266312987
07.10.2025;0.247316003
08.10.2025;0.255562991
09.10.2025;0.248563007
10.10.2025;0.193155006
11.10.2025;0.185442999
12.10.2025;0.207794994
13.10.2025;0.213991001
14.10.2025;0.204531997
15.10.2025;0.196327001
16.10.2025;0.188366994
17.10.2025;0.184842005
18.10.2025;0.189599007
19.10.2025;0.195323005
20.10.2025;0.200113997
21.10.2025;0.194389001
22.10.2025;0.190001994
23.10.2025;0.194843993
24.10.2025;0.197697997
25.10.2025;0.196591005
26.10.2025;0.205669999
27.10.2025;0.200381994
28.10.2025;0.193756998
29.10.2025;0.192389995
30.10.2025;0.182710007
31.10.2025;0.186433002
01.11.2025;0.187280998
02.11.2025;0.186572999
03.11.2025;0.167243004
04.11.2025;0.162695006
05.11.2025;0.167380005
06.11.2025;0.161405995
07.11.2025;0.178672999
08.11.2025;0.176182002
09.11.2025;0.179260001
10.11.2025;0.181814
11.11.2025;0.172024995
12.11.2025;0.170081005
13.11.2025;0.164296001
14.11.2025;0.157465994
15.11.2025;0.163137004
16.11.2025;0.158660993
17.11.2025;0.151892006
18.11.2025;0.161704004
19.11.2025;0.154324993
20.11.2025;0.149092004
21.11.2025;0.140182003
22.11.2025;0.140303999
23.11.2025;0.14486149
