Ticker;ETH-USD
23.11.2020;608.4540405
24.11.2020;603.8977661
25.11.2020;570.6866455
26.11.2020;518.8011475
27.11.2020;517.4937134
28.11.2020;538.2297974
29.11.2020;575.7580566
30.11.2020;614.8425293
01.12.2020;587.3241577
02.12.2020;598.352356
03.12.2020;616.7087402
04.12.2020;569.354187
05.12.2020;596.595459
06.12.2020;601.9089966
07.12.2020;591.8433838
08.12.2020;554.8277588
09.12.2020;573.479126
10.12.2020;559.6785278
11.12.2020;545.7973633
12.12.2020;568.5673218
13.12.2020;589.663208
14.12.2020;586.0111694
15.12.2020;589.3555908
16.12.2020;636.1818237
17.12.2020;642.8689575
18.12.2020;654.8119507
19.12.2020;659.2979126
20.12.2020;638.2908325
21.12.2020;609.8178711
22.12.2020;634.854187
23.12.2020;583.7145996
24.12.2020;611.6071777
25.12.2020;626.4107056
26.12.2020;635.8358154
27.12.2020;682.642334
28.12.2020;730.3973389
29.12.2020;731.5201416
30.12.2020;751.6189575
31.12.2020;737.8034058
01.01.2021;730.3675537
02.01.2021;774.5349731
03.01.2021;975.5076904
04.01.2021;1040.233032
05.01.2021;1100.006104
06.01.2021;1207.112183
07.01.2021;1225.678101
08.01.2021;1224.197144
09.01.2021;1281.077271
10.01.2021;1262.246704
11.01.2021;1090.145386
12.01.2021;1043.43457
13.01.2021;1130.73938
14.01.2021;1218.453003
15.01.2021;1171.834595
16.01.2021;1233.537598
17.01.2021;1230.172241
18.01.2021;1257.279541
19.01.2021;1377.295898
20.01.2021;1382.274048
21.01.2021;1121.570923
22.01.2021;1236.512207
23.01.2021;1230.990601
24.01.2021;1391.609375
25.01.2021;1324.414795
26.01.2021;1357.058105
27.01.2021;1253.187134
28.01.2021;1332.492188
29.01.2021;1382.522827
30.01.2021;1376.115479
31.01.2021;1314.986206
01.02.2021;1369.040527
02.02.2021;1515.193726
03.02.2021;1660.909546
04.02.2021;1594.762695
05.02.2021;1718.650879
06.02.2021;1677.846802
07.02.2021;1614.227783
08.02.2021;1746.616821
09.02.2021;1768.035034
10.02.2021;1744.243408
11.02.2021;1783.797974
12.02.2021;1843.532593
13.02.2021;1814.109863
14.02.2021;1805.084106
15.02.2021;1779.791016
16.02.2021;1781.067505
17.02.2021;1848.458252
18.02.2021;1937.449219
19.02.2021;1960.164795
20.02.2021;1919.534058
21.02.2021;1935.601074
22.02.2021;1781.99292
23.02.2021;1570.203979
24.02.2021;1626.575684
25.02.2021;1475.703735
26.02.2021;1446.033691
27.02.2021;1459.973145
28.02.2021;1416.04895
01.03.2021;1564.707642
02.03.2021;1492.608765
03.03.2021;1575.853149
04.03.2021;1541.914307
05.03.2021;1533.275024
06.03.2021;1654.741577
07.03.2021;1723.153809
08.03.2021;1834.727905
09.03.2021;1868.048828
10.03.2021;1799.16626
11.03.2021;1826.194946
12.03.2021;1772.102417
13.03.2021;1924.685425
14.03.2021;1854.564331
15.03.2021;1791.702271
16.03.2021;1806.971802
17.03.2021;1823.449341
18.03.2021;1782.855103
19.03.2021;1817.624146
20.03.2021;1812.634644
21.03.2021;1788.217041
22.03.2021;1691.333984
23.03.2021;1678.650146
24.03.2021;1593.413452
25.03.2021;1595.359253
26.03.2021;1702.842041
27.03.2021;1716.494629
28.03.2021;1691.355957
29.03.2021;1819.684937
30.03.2021;1846.033691
31.03.2021;1918.362061
01.04.2021;1977.276855
02.04.2021;2143.225586
03.04.2021;2028.422485
04.04.2021;2093.122803
05.04.2021;2107.887207
06.04.2021;2118.378906
07.04.2021;1971.077271
08.04.2021;2088.57373
09.04.2021;2072.108887
10.04.2021;2135.942139
11.04.2021;2157.656982
12.04.2021;2139.353271
13.04.2021;2299.187744
14.04.2021;2435.10498
15.04.2021;2519.116211
16.04.2021;2431.946533
17.04.2021;2344.89502
18.04.2021;2237.136963
19.04.2021;2166.188721
20.04.2021;2330.210938
21.04.2021;2364.751709
22.04.2021;2403.535156
23.04.2021;2363.586182
24.04.2021;2211.625732
25.04.2021;2316.05957
26.04.2021;2534.481689
27.04.2021;2662.865234
28.04.2021;2746.380127
29.04.2021;2756.876953
30.04.2021;2773.207031
01.05.2021;2945.892822
02.05.2021;2952.056152
03.05.2021;3431.086182
04.05.2021;3253.629395
05.05.2021;3522.783203
06.05.2021;3490.880371
07.05.2021;3484.729004
08.05.2021;3902.647705
09.05.2021;3928.844727
10.05.2021;3952.293945
11.05.2021;4168.701172
12.05.2021;3785.848633
13.05.2021;3715.148438
14.05.2021;4079.057373
15.05.2021;3638.12207
16.05.2021;3587.506104
17.05.2021;3282.397705
18.05.2021;3380.070068
19.05.2021;2460.679199
20.05.2021;2784.294189
21.05.2021;2430.621338
22.05.2021;2295.705566
23.05.2021;2109.579834
24.05.2021;2643.591064
25.05.2021;2706.628906
26.05.2021;2888.69873
27.05.2021;2736.488525
28.05.2021;2419.90625
29.05.2021;2279.51416
30.05.2021;2390.30542
31.05.2021;2714.945313
01.06.2021;2633.518311
02.06.2021;2706.125
03.06.2021;2855.126465
04.06.2021;2688.195068
05.06.2021;2630.576904
06.06.2021;2715.092773
07.06.2021;2590.263184
08.06.2021;2517.438721
09.06.2021;2608.26709
10.06.2021;2471.518555
11.06.2021;2353.768799
12.06.2021;2372.484375
13.06.2021;2508.391602
14.06.2021;2537.891113
15.06.2021;2610.936768
16.06.2021;2367.663574
17.06.2021;2372.001953
18.06.2021;2231.733154
19.06.2021;2178.499023
20.06.2021;2246.364502
21.06.2021;1888.44751
22.06.2021;1874.950073
23.06.2021;1989.736328
24.06.2021;1988.456299
25.06.2021;1813.217285
26.06.2021;1829.239258
27.06.2021;1978.894653
28.06.2021;2079.657471
29.06.2021;2160.768311
30.06.2021;2274.547607
01.07.2021;2113.605469
02.07.2021;2150.040283
03.07.2021;2226.114258
04.07.2021;2321.724121
05.07.2021;2198.58252
06.07.2021;2324.679443
07.07.2021;2315.161865
08.07.2021;2120.026367
09.07.2021;2146.692383
10.07.2021;2111.403564
11.07.2021;2139.664795
12.07.2021;2036.721069
13.07.2021;1940.083984
14.07.2021;1994.331299
15.07.2021;1911.175659
16.07.2021;1880.382935
17.07.2021;1898.825195
18.07.2021;1895.552124
19.07.2021;1817.296631
20.07.2021;1787.510742
21.07.2021;1990.970825
22.07.2021;2025.202759
23.07.2021;2124.776611
24.07.2021;2189.21875
25.07.2021;2191.373779
26.07.2021;2233.366699
27.07.2021;2298.333496
28.07.2021;2296.54541
29.07.2021;2380.956787
30.07.2021;2466.961426
31.07.2021;2536.209961
01.08.2021;2561.852051
02.08.2021;2610.15332
03.08.2021;2502.349609
04.08.2021;2724.619873
05.08.2021;2827.328857
06.08.2021;2890.94165
07.08.2021;3157.23877
08.08.2021;3013.732666
09.08.2021;3167.856201
10.08.2021;3141.691162
11.08.2021;3164.245117
12.08.2021;3043.414307
13.08.2021;3322.21167
14.08.2021;3265.443359
15.08.2021;3310.50415
16.08.2021;3156.509521
17.08.2021;3014.845947
18.08.2021;3020.089844
19.08.2021;3182.702148
20.08.2021;3286.935303
21.08.2021;3226.083984
22.08.2021;3242.115479
23.08.2021;3319.257324
24.08.2021;3172.456299
25.08.2021;3224.915283
26.08.2021;3100.325439
27.08.2021;3270.60083
28.08.2021;3244.40332
29.08.2021;3227.002686
30.08.2021;3224.374268
31.08.2021;3433.732666
01.09.2021;3834.828125
02.09.2021;3790.98999
03.09.2021;3940.614746
04.09.2021;3887.828369
05.09.2021;3952.133545
06.09.2021;3928.379395
07.09.2021;3426.394287
08.09.2021;3497.315186
09.09.2021;3427.340088
10.09.2021;3211.505859
11.09.2021;3270.278076
12.09.2021;3410.134521
13.09.2021;3285.511719
14.09.2021;3429.169678
15.09.2021;3615.282715
16.09.2021;3571.294922
17.09.2021;3398.538818
18.09.2021;3432.018311
19.09.2021;3329.447998
20.09.2021;2958.993408
21.09.2021;2764.431152
22.09.2021;3077.86792
23.09.2021;3155.523682
24.09.2021;2931.669189
25.09.2021;2925.565674
26.09.2021;3062.265381
27.09.2021;2934.138916
28.09.2021;2807.296631
29.09.2021;2853.143311
30.09.2021;3001.678955
01.10.2021;3307.516113
02.10.2021;3391.694336
03.10.2021;3418.358643
04.10.2021;3380.089111
05.10.2021;3518.518555
06.10.2021;3580.562012
07.10.2021;3587.974854
08.10.2021;3563.759277
09.10.2021;3575.716797
10.10.2021;3425.852783
11.10.2021;3545.354004
12.10.2021;3492.573242
13.10.2021;3606.20166
14.10.2021;3786.01416
15.10.2021;3862.634766
16.10.2021;3830.38208
17.10.2021;3847.104492
18.10.2021;3748.760254
19.10.2021;3877.650879
20.10.2021;4155.992188
21.10.2021;4054.322754
22.10.2021;3970.181885
23.10.2021;4171.663574
24.10.2021;4087.903076
25.10.2021;4217.876953
26.10.2021;4131.102051
27.10.2021;3930.257324
28.10.2021;4287.318848
29.10.2021;4414.746582
30.10.2021;4325.650391
31.10.2021;4288.074219
01.11.2021;4324.626953
02.11.2021;4584.798828
03.11.2021;4607.193848
04.11.2021;4537.324219
05.11.2021;4486.243164
06.11.2021;4521.581055
07.11.2021;4620.554688
08.11.2021;4812.087402
09.11.2021;4735.068848
10.11.2021;4636.174316
11.11.2021;4730.384277
12.11.2021;4667.115234
13.11.2021;4651.460449
14.11.2021;4626.358887
15.11.2021;4557.503906
16.11.2021;4216.365234
17.11.2021;4287.59375
18.11.2021;4000.650879
19.11.2021;4298.306641
20.11.2021;4409.931152
21.11.2021;4269.73291
22.11.2021;4088.457764
23.11.2021;4340.763672
24.11.2021;4239.981445
25.11.2021;4274.743164
26.11.2021;4030.908936
27.11.2021;4096.912109
28.11.2021;4294.453613
29.11.2021;4445.10498
30.11.2021;4631.479004
01.12.2021;4586.990234
02.12.2021;4511.302246
03.12.2021;4220.706055
04.12.2021;4119.587402
05.12.2021;4198.322754
06.12.2021;4358.737305
07.12.2021;4315.061523
08.12.2021;4439.35791
09.12.2021;4119.815918
10.12.2021;3908.496094
11.12.2021;4084.452393
12.12.2021;4134.453125
13.12.2021;3784.226807
14.12.2021;3745.44043
15.12.2021;4018.388672
16.12.2021;3962.469727
17.12.2021;3879.486572
18.12.2021;3960.860107
19.12.2021;3922.592529
20.12.2021;3933.844482
21.12.2021;4020.26001
22.12.2021;3982.099609
23.12.2021;4108.015625
24.12.2021;4047.98291
25.12.2021;4093.281006
26.12.2021;4067.328125
27.12.2021;4037.547607
28.12.2021;3800.893066
29.12.2021;3628.531738
30.12.2021;3713.852051
31.12.2021;3682.632813
01.01.2022;3769.697021
02.01.2022;3829.564941
03.01.2022;3761.380371
04.01.2022;3794.056641
05.01.2022;3550.386963
06.01.2022;3418.408203
07.01.2022;3193.210449
08.01.2022;3091.972656
09.01.2022;3157.751465
10.01.2022;3083.0979
11.01.2022;3238.111572
12.01.2022;3372.258301
13.01.2022;3248.288574
14.01.2022;3310.001465
15.01.2022;3330.530762
16.01.2022;3350.921875
17.01.2022;3212.304932
18.01.2022;3164.025146
19.01.2022;3095.825928
20.01.2022;3001.120117
21.01.2022;2557.931641
22.01.2022;2405.181152
23.01.2022;2535.039063
24.01.2022;2440.352295
25.01.2022;2455.935059
26.01.2022;2468.030273
27.01.2022;2423.001221
28.01.2022;2547.092041
29.01.2022;2597.084717
30.01.2022;2603.466553
31.01.2022;2688.278809
01.02.2022;2792.117188
02.02.2022;2682.854004
03.02.2022;2679.162598
04.02.2022;2983.586914
05.02.2022;3014.648193
06.02.2022;3057.476074
07.02.2022;3142.470703
08.02.2022;3122.608643
09.02.2022;3239.457031
10.02.2022;3077.482178
11.02.2022;2927.383545
12.02.2022;2917.362793
13.02.2022;2883.463379
14.02.2022;2933.479004
15.02.2022;3179.877197
16.02.2022;3127.830078
17.02.2022;2881.481934
18.02.2022;2785.727539
19.02.2022;2763.701172
20.02.2022;2628.648438
21.02.2022;2573.816162
22.02.2022;2639.299316
23.02.2022;2590.359619
24.02.2022;2598.067139
25.02.2022;2764.535645
26.02.2022;2781.111816
27.02.2022;2621.801758
28.02.2022;2919.201172
01.03.2022;2972.485107
02.03.2022;2950.118408
03.03.2022;2834.468994
04.03.2022;2617.156006
05.03.2022;2664.831055
06.03.2022;2555.037354
07.03.2022;2497.77124
08.03.2022;2576.747559
09.03.2022;2729.783447
10.03.2022;2608.048584
11.03.2022;2559.562988
12.03.2022;2574.75415
13.03.2022;2518.94458
14.03.2022;2590.696045
15.03.2022;2620.149658
16.03.2022;2772.055664
17.03.2022;2814.854492
18.03.2022;2945.343018
19.03.2022;2946.25708
20.03.2022;2860.459229
21.03.2022;2897.976563
22.03.2022;2973.131104
23.03.2022;3031.067139
24.03.2022;3108.062012
25.03.2022;3106.671387
26.03.2022;3143.178955
27.03.2022;3291.577637
28.03.2022;3336.634521
29.03.2022;3401.987793
30.03.2022;3385.157959
31.03.2022;3281.642822
01.04.2022;3449.552246
02.04.2022;3445.059326
03.04.2022;3522.833496
04.04.2022;3521.241211
05.04.2022;3411.79248
06.04.2022;3171.691895
07.04.2022;3233.274658
08.04.2022;3192.073975
09.04.2022;3261.91626
10.04.2022;3211.866943
11.04.2022;2981.052246
12.04.2022;3030.376465
13.04.2022;3118.344238
14.04.2022;3019.909424
15.04.2022;3040.916504
16.04.2022;3062.310303
17.04.2022;2993.40332
18.04.2022;3057.606689
19.04.2022;3104.106445
20.04.2022;3077.74585
21.04.2022;2987.480713
22.04.2022;2964.835693
23.04.2022;2938.114014
24.04.2022;2922.732666
25.04.2022;3009.393555
26.04.2022;2808.29834
27.04.2022;2888.929688
28.04.2022;2936.940918
29.04.2022;2815.601807
30.04.2022;2730.186768
01.05.2022;2827.756104
02.05.2022;2857.4104
03.05.2022;2783.476318
04.05.2022;2940.644775
05.05.2022;2749.213135
06.05.2022;2694.979736
07.05.2022;2636.093018
08.05.2022;2517.459961
09.05.2022;2245.43042
10.05.2022;2343.510986
11.05.2022;2072.108643
12.05.2022;1961.701538
13.05.2022;2014.418213
14.05.2022;2056.273926
15.05.2022;2145.706787
16.05.2022;2022.725952
17.05.2022;2090.40918
18.05.2022;1916.656128
19.05.2022;2018.336182
20.05.2022;1961.315674
21.05.2022;1974.518311
22.05.2022;2043.170166
23.05.2022;1972.181885
24.05.2022;1978.982788
25.05.2022;1944.827881
26.05.2022;1803.91333
27.05.2022;1724.922852
28.05.2022;1757.941772
29.05.2022;1812.031006
30.05.2022;1996.441284
31.05.2022;1942.328003
01.06.2022;1823.569336
02.06.2022;1834.150513
03.06.2022;1775.078613
04.06.2022;1801.609497
05.06.2022;1805.204956
06.06.2022;1859.289673
07.06.2022;1814.04834
08.06.2022;1793.572266
09.06.2022;1789.82605
10.06.2022;1665.042236
11.06.2022;1529.663452
12.06.2022;1445.216553
13.06.2022;1204.582764
14.06.2022;1211.662842
15.06.2022;1233.206421
16.06.2022;1067.730713
17.06.2022;1086.519287
18.06.2022;993.6367798
19.06.2022;1127.656494
20.06.2022;1127.642456
21.06.2022;1124.824585
22.06.2022;1051.421875
23.06.2022;1143.386719
24.06.2022;1226.844727
25.06.2022;1243.446899
26.06.2022;1199.831665
27.06.2022;1193.680664
28.06.2022;1144.579224
29.06.2022;1098.943848
30.06.2022;1067.298828
01.07.2022;1059.767334
02.07.2022;1066.512817
03.07.2022;1073.766968
04.07.2022;1151.059082
05.07.2022;1134.541016
06.07.2022;1186.973999
07.07.2022;1237.593384
08.07.2022;1222.506226
09.07.2022;1216.978271
10.07.2022;1168.401611
11.07.2022;1097.236572
12.07.2022;1038.19165
13.07.2022;1113.587158
14.07.2022;1191.526245
15.07.2022;1233.12915
16.07.2022;1352.626465
17.07.2022;1338.635742
18.07.2022;1578.717896
19.07.2022;1542.97522
20.07.2022;1520.200684
21.07.2022;1576.749512
22.07.2022;1537.405151
23.07.2022;1549.297485
24.07.2022;1599.476685
25.07.2022;1445.383423
26.07.2022;1441.806763
27.07.2022;1636.232666
28.07.2022;1725.46814
29.07.2022;1727.406982
30.07.2022;1695.969482
31.07.2022;1681.517334
01.08.2022;1635.195801
02.08.2022;1632.945435
03.08.2022;1618.874512
04.08.2022;1608.205811
05.08.2022;1732.254639
06.08.2022;1691.658081
07.08.2022;1699.35083
08.08.2022;1775.516113
09.08.2022;1703.025024
10.08.2022;1851.742676
11.08.2022;1881.224121
12.08.2022;1957.24646
13.08.2022;1981.336548
14.08.2022;1936.802002
15.08.2022;1904.228149
16.08.2022;1878.139404
17.08.2022;1832.999634
18.08.2022;1847.007813
19.08.2022;1612.987305
20.08.2022;1577.003784
21.08.2022;1619.31897
22.08.2022;1622.505859
23.08.2022;1662.769897
24.08.2022;1657.059204
25.08.2022;1696.457031
26.08.2022;1507.782837
27.08.2022;1491.39502
28.08.2022;1430.547363
29.08.2022;1553.037354
30.08.2022;1523.838867
31.08.2022;1553.684937
01.09.2022;1586.176758
02.09.2022;1577.220459
03.09.2022;1556.872681
04.09.2022;1577.641602
05.09.2022;1617.183228
06.09.2022;1561.748535
07.09.2022;1629.906372
08.09.2022;1635.347656
09.09.2022;1719.085449
10.09.2022;1776.203735
11.09.2022;1761.800049
12.09.2022;1713.765259
13.09.2022;1580.787964
14.09.2022;1634.755005
15.09.2022;1471.693481
16.09.2022;1432.447754
17.09.2022;1469.741699
18.09.2022;1335.329102
19.09.2022;1377.541382
20.09.2022;1324.388184
21.09.2022;1252.607788
22.09.2022;1327.680176
23.09.2022;1328.259521
24.09.2022;1317.993286
25.09.2022;1294.216797
26.09.2022;1335.32019
27.09.2022;1330.127686
28.09.2022;1337.410889
29.09.2022;1335.652344
30.09.2022;1327.978638
01.10.2022;1311.644409
02.10.2022;1276.093506
03.10.2022;1323.439209
04.10.2022;1362.126587
05.10.2022;1352.837158
06.10.2022;1351.709473
07.10.2022;1332.516968
08.10.2022;1315.500488
09.10.2022;1322.604248
10.10.2022;1291.337646
11.10.2022;1279.575684
12.10.2022;1294.906372
13.10.2022;1288.123901
14.10.2022;1297.422119
15.10.2022;1274.871704
16.10.2022;1306.296631
17.10.2022;1331.713623
18.10.2022;1310.447021
19.10.2022;1285.744263
20.10.2022;1283.200928
21.10.2022;1299.946411
22.10.2022;1314.299194
23.10.2022;1363.447021
24.10.2022;1344.998535
25.10.2022;1461.665405
26.10.2022;1566.56665
27.10.2022;1514.374878
28.10.2022;1555.477905
29.10.2022;1619.698486
30.10.2022;1590.783325
31.10.2022;1572.714478
01.11.2022;1579.70459
02.11.2022;1519.711792
03.11.2022;1531.541748
04.11.2022;1645.093384
05.11.2022;1627.968018
06.11.2022;1572.234741
07.11.2022;1568.591309
08.11.2022;1332.835571
09.11.2022;1100.1698
10.11.2022;1299.4646
11.11.2022;1287.221069
12.11.2022;1255.268311
13.11.2022;1221.819214
14.11.2022;1241.604248
15.11.2022;1251.736206
16.11.2022;1215.602539
17.11.2022;1200.808594
18.11.2022;1212.300293
19.11.2022;1218.426758
20.11.2022;1142.466675
21.11.2022;1108.353027
22.11.2022;1135.173462
23.11.2022;1183.199585
24.11.2022;1203.983154
25.11.2022;1198.925903
26.11.2022;1205.897949
27.11.2022;1195.126953
28.11.2022;1170.086182
29.11.2022;1216.901245
30.11.2022;1295.688599
01.12.2022;1276.273926
02.12.2022;1294.303345
03.12.2022;1243.334839
04.12.2022;1280.256592
05.12.2022;1259.676758
06.12.2022;1271.653809
07.12.2022;1232.4375
08.12.2022;1281.116333
09.12.2022;1264.28479
10.12.2022;1266.384155
11.12.2022;1263.86853
12.12.2022;1274.619019
13.12.2022;1320.549194
14.12.2022;1309.328735
15.12.2022;1266.353882
16.12.2022;1168.259399
17.12.2022;1188.149536
18.12.2022;1184.71521
19.12.2022;1167.609863
20.12.2022;1217.703613
21.12.2022;1213.599976
22.12.2022;1218.182129
23.12.2022;1220.159424
24.12.2022;1221.14856
25.12.2022;1218.962036
26.12.2022;1226.974365
27.12.2022;1212.791626
28.12.2022;1189.986084
29.12.2022;1201.595337
30.12.2022;1199.232788
31.12.2022;1196.77124
01.01.2023;1200.964844
02.01.2023;1214.656616
03.01.2023;1214.778809
04.01.2023;1256.526611
05.01.2023;1250.438599
06.01.2023;1269.379028
07.01.2023;1264.270386
08.01.2023;1287.359497
09.01.2023;1321.53894
10.01.2023;1336.58606
11.01.2023;1387.932739
12.01.2023;1417.938477
13.01.2023;1451.614868
14.01.2023;1550.706909
15.01.2023;1552.479492
16.01.2023;1576.833496
17.01.2023;1567.846069
18.01.2023;1515.506958
19.01.2023;1552.556519
20.01.2023;1659.75415
21.01.2023;1627.118164
22.01.2023;1628.38208
23.01.2023;1628.251099
24.01.2023;1556.604248
25.01.2023;1611.71106
26.01.2023;1603.105957
27.01.2023;1598.156494
28.01.2023;1572.435059
29.01.2023;1646.15564
30.01.2023;1567.326538
31.01.2023;1586.5354
01.02.2023;1641.792725
02.02.2023;1643.241577
03.02.2023;1664.745605
04.02.2023;1667.059204
05.02.2023;1631.645874
06.02.2023;1616.24707
07.02.2023;1672.00354
08.02.2023;1650.716797
09.02.2023;1546.438232
10.02.2023;1514.869141
11.02.2023;1539.926758
12.02.2023;1515.033691
13.02.2023;1507.165894
14.02.2023;1556.875122
15.02.2023;1673.745972
16.02.2023;1640.067627
17.02.2023;1694.783325
18.02.2023;1691.819458
19.02.2023;1681.436157
20.02.2023;1702.675171
21.02.2023;1658.036377
22.02.2023;1643.231689
23.02.2023;1651.073853
24.02.2023;1608.373169
25.02.2023;1594.914917
26.02.2023;1640.817139
27.02.2023;1634.326416
28.02.2023;1605.895142
01.03.2023;1663.433716
02.03.2023;1647.319336
03.03.2023;1569.167603
04.03.2023;1566.92395
05.03.2023;1564.46875
06.03.2023;1567.398682
07.03.2023;1561.933105
08.03.2023;1534.088257
09.03.2023;1438.660767
10.03.2023;1429.158081
11.03.2023;1482.616699
12.03.2023;1590.292969
13.03.2023;1680.30896
14.03.2023;1703.50708
15.03.2023;1656.180542
16.03.2023;1677.215454
17.03.2023;1792.485107
18.03.2023;1761.659668
19.03.2023;1785.576538
20.03.2023;1735.321289
21.03.2023;1806.760742
22.03.2023;1737.717041
23.03.2023;1816.405151
24.03.2023;1752.0448
25.03.2023;1743.764771
26.03.2023;1775.676758
27.03.2023;1715.460815
28.03.2023;1772.785645
29.03.2023;1793.001831
30.03.2023;1792.737183
31.03.2023;1822.022095
01.04.2023;1813.860596
02.04.2023;1795.70813
03.04.2023;1810.297119
04.04.2023;1871.005127
05.04.2023;1909.114014
06.04.2023;1872.922607
07.04.2023;1865.636108
08.04.2023;1849.498169
09.04.2023;1859.387817
10.04.2023;1911.20752
11.04.2023;1892.189697
12.04.2023;1920.682129
13.04.2023;2012.634644
14.04.2023;2101.635498
15.04.2023;2092.466797
16.04.2023;2120.005859
17.04.2023;2076.24292
18.04.2023;2104.537354
19.04.2023;1936.403442
20.04.2023;1943.097656
21.04.2023;1849.999878
22.04.2023;1874.228638
23.04.2023;1862.062012
24.04.2023;1842.757446
25.04.2023;1866.753662
26.04.2023;1866.564209
27.04.2023;1908.786377
28.04.2023;1892.512817
29.04.2023;1908.916992
30.04.2023;1876.924316
01.05.2023;1831.954834
02.05.2023;1870.789307
03.05.2023;1904.651855
04.05.2023;1877.704102
05.05.2023;1995.060913
06.05.2023;1900.221802
07.05.2023;1873.076416
08.05.2023;1849.042725
09.05.2023;1848.603149
10.05.2023;1842.401489
11.05.2023;1796.490601
12.05.2023;1808.019775
13.05.2023;1796.114868
14.05.2023;1800.500977
15.05.2023;1817.549927
16.05.2023;1824.12146
17.05.2023;1821.859619
18.05.2023;1801.728516
19.05.2023;1812.589478
20.05.2023;1820.478027
21.05.2023;1804.531372
22.05.2023;1817.53479
23.05.2023;1854.380615
24.05.2023;1800.099976
25.05.2023;1805.953735
26.05.2023;1828.689697
27.05.2023;1831.118286
28.05.2023;1910.914185
29.05.2023;1893.078125
30.05.2023;1901.026611
31.05.2023;1874.130493
01.06.2023;1862.201416
02.06.2023;1907.256592
03.06.2023;1892.412476
04.06.2023;1890.51355
05.06.2023;1811.828369
06.06.2023;1884.494873
07.06.2023;1832.395996
08.06.2023;1846.30188
09.06.2023;1840.22522
10.06.2023;1752.384766
11.06.2023;1753.415283
12.06.2023;1742.528687
13.06.2023;1739.037598
14.06.2023;1650.519287
15.06.2023;1665.519775
16.06.2023;1716.668823
17.06.2023;1727.204102
18.06.2023;1720.577515
19.06.2023;1737.659424
20.06.2023;1792.119995
21.06.2023;1891.007202
22.06.2023;1872.942993
23.06.2023;1892.862061
24.06.2023;1876.059692
25.06.2023;1900.506104
26.06.2023;1859.432861
27.06.2023;1889.703369
28.06.2023;1827.971191
29.06.2023;1852.227295
30.06.2023;1933.188965
01.07.2023;1924.565918
02.07.2023;1937.438354
03.07.2023;1955.38916
04.07.2023;1936.633545
05.07.2023;1910.588013
06.07.2023;1848.636475
07.07.2023;1870.602539
08.07.2023;1865.539551
09.07.2023;1863.009766
10.07.2023;1880.556396
11.07.2023;1878.33606
12.07.2023;1872.11377
13.07.2023;2006.511475
14.07.2023;1939.347046
15.07.2023;1931.466553
16.07.2023;1923.681885
17.07.2023;1911.646118
18.07.2023;1897.599243
19.07.2023;1889.007935
20.07.2023;1890.969116
21.07.2023;1892.080078
22.07.2023;1864.912354
23.07.2023;1889.19165
24.07.2023;1850.002075
25.07.2023;1857.741943
26.07.2023;1872.159912
27.07.2023;1860.357178
28.07.2023;1874.744873
29.07.2023;1881.068848
30.07.2023;1861.643799
31.07.2023;1856.162354
01.08.2023;1871.792114
02.08.2023;1839.089722
03.08.2023;1835.136475
04.08.2023;1827.712891
05.08.2023;1834.987915
06.08.2023;1827.462036
07.08.2023;1826.938843
08.08.2023;1855.807373
09.08.2023;1854.297607
10.08.2023;1850.753418
11.08.2023;1847.12439
12.08.2023;1848.889893
13.08.2023;1839.280151
14.08.2023;1844.185791
15.08.2023;1826.932739
16.08.2023;1805.659058
17.08.2023;1684.933472
18.08.2023;1660.945068
19.08.2023;1669.471924
20.08.2023;1684.852051
21.08.2023;1667.269043
22.08.2023;1633.892578
23.08.2023;1679.274414
24.08.2023;1659.94458
25.08.2023;1652.935059
26.08.2023;1646.306763
27.08.2023;1657.513062
28.08.2023;1652.457397
29.08.2023;1729.725708
30.08.2023;1705.112183
31.08.2023;1645.63916
01.09.2023;1628.491211
02.09.2023;1637.025391
03.09.2023;1636.117676
04.09.2023;1629.655273
05.09.2023;1633.629395
06.09.2023;1632.252319
07.09.2023;1647.598267
08.09.2023;1636.137817
09.09.2023;1635.162354
10.09.2023;1616.828857
11.09.2023;1551.637695
12.09.2023;1592.429443
13.09.2023;1607.988525
14.09.2023;1626.974365
15.09.2023;1641.640381
16.09.2023;1635.22168
17.09.2023;1622.896729
18.09.2023;1637.347046
19.09.2023;1643.544678
20.09.2023;1622.890625
21.09.2023;1584.307007
22.09.2023;1593.268311
23.09.2023;1593.857788
24.09.2023;1580.853394
25.09.2023;1588.322876
26.09.2023;1593.417236
27.09.2023;1597.491211
28.09.2023;1652.88269
29.09.2023;1667.943848
30.09.2023;1671.161865
01.10.2023;1733.810425
02.10.2023;1663.627563
03.10.2023;1656.685669
04.10.2023;1647.838135
05.10.2023;1611.47644
06.10.2023;1645.831543
07.10.2023;1634.51123
08.10.2023;1633.548584
09.10.2023;1579.806641
10.10.2023;1567.713013
11.10.2023;1566.254761
12.10.2023;1539.612427
13.10.2023;1552.089478
14.10.2023;1555.256836
15.10.2023;1558.069824
16.10.2023;1600.534302
17.10.2023;1565.439575
18.10.2023;1563.749878
19.10.2023;1567.457031
20.10.2023;1604.66687
21.10.2023;1629.304443
22.10.2023;1663.429932
23.10.2023;1765.38269
24.10.2023;1784.4375
25.10.2023;1787.397583
26.10.2023;1804.039307
27.10.2023;1780.045288
28.10.2023;1776.618164
29.10.2023;1795.546021
30.10.2023;1810.088623
31.10.2023;1816.458984
01.11.2023;1847.089722
02.11.2023;1800.620972
03.11.2023;1832.795166
04.11.2023;1857.698608
05.11.2023;1894.157715
06.11.2023;1899.837402
07.11.2023;1888.124268
08.11.2023;1889.322388
09.11.2023;2120.561035
10.11.2023;2078.289795
11.11.2023;2052.713867
12.11.2023;2045.187012
13.11.2023;2055.265381
14.11.2023;1979.052612
15.11.2023;2060.408447
16.11.2023;1960.881592
17.11.2023;1961.280762
18.11.2023;1963.285034
19.11.2023;2013.204468
20.11.2023;2022.239136
21.11.2023;1937.066772
22.11.2023;2064.425293
23.11.2023;2062.210693
24.11.2023;2081.1521
25.11.2023;2084.413086
26.11.2023;2063.286133
27.11.2023;2027.417358
28.11.2023;2049.338135
29.11.2023;2029.929199
30.11.2023;2052.556152
01.12.2023;2087.139893
02.12.2023;2165.704102
03.12.2023;2193.69165
04.12.2023;2243.21582
05.12.2023;2293.841797
06.12.2023;2231.661377
07.12.2023;2357.57959
08.12.2023;2358.731934
09.12.2023;2341.175293
10.12.2023;2352.462646
11.12.2023;2224.578857
12.12.2023;2202.038086
13.12.2023;2260.648682
14.12.2023;2316.579102
15.12.2023;2219.337402
16.12.2023;2226.926514
17.12.2023;2196.481201
18.12.2023;2217.273438
19.12.2023;2177.872559
20.12.2023;2201.911377
21.12.2023;2239.54248
22.12.2023;2326.524902
23.12.2023;2309.046387
24.12.2023;2265.692139
25.12.2023;2272.561768
26.12.2023;2231.465332
27.12.2023;2378.73999
28.12.2023;2347.566162
29.12.2023;2300.690674
30.12.2023;2292.06543
31.12.2023;2281.471191
01.01.2024;2352.327881
02.01.2024;2355.836426
03.01.2024;2210.761963
04.01.2024;2269.038086
05.01.2024;2268.647217
06.01.2024;2241.624756
07.01.2024;2222.865967
08.01.2024;2333.032715
09.01.2024;2344.827148
10.01.2024;2582.103516
11.01.2024;2619.619141
12.01.2024;2524.460205
13.01.2024;2576.5979
14.01.2024;2472.241211
15.01.2024;2511.36377
16.01.2024;2587.691162
17.01.2024;2528.369385
18.01.2024;2467.018799
19.01.2024;2489.498535
20.01.2024;2469.589111
21.01.2024;2453.913086
22.01.2024;2310.826416
23.01.2024;2240.686035
24.01.2024;2233.561768
25.01.2024;2217.710205
26.01.2024;2267.199707
27.01.2024;2267.885986
28.01.2024;2257.20874
29.01.2024;2317.064209
30.01.2024;2344.493652
31.01.2024;2282.544434
01.02.2024;2303.824707
02.02.2024;2308.038086
03.02.2024;2296.03833
04.02.2024;2289.546143
05.02.2024;2298.888916
06.02.2024;2372.201904
07.02.2024;2423.745117
08.02.2024;2419.906494
09.02.2024;2487.515625
10.02.2024;2501.228271
11.02.2024;2507.570557
12.02.2024;2658.115967
13.02.2024;2642.185303
14.02.2024;2777.902344
15.02.2024;2824.378906
16.02.2024;2803.691406
17.02.2024;2786.672607
18.02.2024;2878.998047
19.02.2024;2943.574707
20.02.2024;3013.503662
21.02.2024;2970.355469
22.02.2024;2971.007324
23.02.2024;2921.658203
24.02.2024;2992.385986
25.02.2024;3112.697266
26.02.2024;3178.993652
27.02.2024;3244.519287
28.02.2024;3385.703857
29.02.2024;3341.919678
01.03.2024;3435.053955
02.03.2024;3422.049805
03.03.2024;3490.993652
04.03.2024;3630.433838
05.03.2024;3554.9646
06.03.2024;3819.226318
07.03.2024;3874.347656
08.03.2024;3892.061035
09.03.2024;3915.418945
10.03.2024;3881.193115
11.03.2024;4066.445068
12.03.2024;3980.273193
13.03.2024;4006.457031
14.03.2024;3883.140381
15.03.2024;3735.220215
16.03.2024;3522.860107
17.03.2024;3642.413086
18.03.2024;3517.985107
19.03.2024;3157.618164
20.03.2024;3513.393066
21.03.2024;3492.991211
22.03.2024;3333.687988
23.03.2024;3336.593994
24.03.2024;3454.636475
25.03.2024;3590.883789
26.03.2024;3587.504883
27.03.2024;3500.115234
28.03.2024;3561.293945
29.03.2024;3511.806152
30.03.2024;3507.944336
31.03.2024;3647.856445
01.04.2024;3505.030029
02.04.2024;3277.234619
03.04.2024;3311.441895
04.04.2024;3330.040527
05.04.2024;3318.885254
06.04.2024;3354.183838
07.04.2024;3453.494629
08.04.2024;3695.292725
09.04.2024;3505.16333
10.04.2024;3543.737061
11.04.2024;3505.247803
12.04.2024;3243.034912
13.04.2024;3004.900391
14.04.2024;3156.941895
15.04.2024;3101.600342
16.04.2024;3084.920166
17.04.2024;2984.727539
18.04.2024;3066.027588
19.04.2024;3059.278564
20.04.2024;3157.627197
21.04.2024;3147.288574
22.04.2024;3201.6521
23.04.2024;3219.911621
24.04.2024;3139.805176
25.04.2024;3156.509521
26.04.2024;3130.164795
27.04.2024;3252.168213
28.04.2024;3262.774658
29.04.2024;3215.428955
30.04.2024;3012.286865
01.05.2024;2969.784668
02.05.2024;2988.168457
03.05.2024;3103.541992
04.05.2024;3117.576416
05.05.2024;3137.249023
06.05.2024;3062.72876
07.05.2024;3006.577148
08.05.2024;2973.657227
09.05.2024;3036.020508
10.05.2024;2909.79126
11.05.2024;2911.602051
12.05.2024;2928.701904
13.05.2024;2949.359619
14.05.2024;2881.157959
15.05.2024;3037.056641
16.05.2024;2945.131104
17.05.2024;3094.118652
18.05.2024;3122.948975
19.05.2024;3071.843018
20.05.2024;3663.855469
21.05.2024;3789.312744
22.05.2024;3737.217773
23.05.2024;3776.927246
24.05.2024;3726.93457
25.05.2024;3749.236572
26.05.2024;3825.897461
27.05.2024;3892.006836
28.05.2024;3840.256348
29.05.2024;3763.196533
30.05.2024;3746.849609
31.05.2024;3760.026611
01.06.2024;3813.198975
02.06.2024;3780.895996
03.06.2024;3766.38916
04.06.2024;3812.515869
05.06.2024;3864.260986
06.06.2024;3811.605957
07.06.2024;3678.62915
08.06.2024;3680.949951
09.06.2024;3705.903809
10.06.2024;3666.717529
11.06.2024;3498.330566
12.06.2024;3559.617676
13.06.2024;3469.28125
14.06.2024;3480.271973
15.06.2024;3565.549561
16.06.2024;3620.563477
17.06.2024;3511.378906
18.06.2024;3483.681396
19.06.2024;3559.347412
20.06.2024;3511.086914
21.06.2024;3516.075684
22.06.2024;3494.813477
23.06.2024;3418.611816
24.06.2024;3350.256348
25.06.2024;3395.029053
26.06.2024;3369.477295
27.06.2024;3444.800537
28.06.2024;3373.635986
29.06.2024;3372.967773
30.06.2024;3432.88916
01.07.2024;3440.341553
02.07.2024;3416.354736
03.07.2024;3292.916748
04.07.2024;3054.521973
05.07.2024;2981.598633
06.07.2024;3069.37793
07.07.2024;2929.387207
08.07.2024;3018.731934
09.07.2024;3064.032959
10.07.2024;3102.21875
11.07.2024;3100.330811
12.07.2024;3134.158691
13.07.2024;3177.19873
14.07.2024;3244.079102
15.07.2024;3489.552734
16.07.2024;3443.513428
17.07.2024;3388.752441
18.07.2024;3426.258545
19.07.2024;3505.734863
20.07.2024;3519.29541
21.07.2024;3536.605469
22.07.2024;3440.419922
23.07.2024;3481.99585
24.07.2024;3336.339355
25.07.2024;3174.427246
26.07.2024;3275.951416
27.07.2024;3247.60791
28.07.2024;3271.4646
29.07.2024;3320.539307
30.07.2024;3278.667725
31.07.2024;3231.295654
01.08.2024;3201.564453
02.08.2024;2986.013184
03.08.2024;2903.385742
04.08.2024;2686.398926
05.08.2024;2417.206299
06.08.2024;2458.723877
07.08.2024;2336.589355
08.08.2024;2683.352783
09.08.2024;2599.598633
10.08.2024;2610.022949
11.08.2024;2553.252197
12.08.2024;2724.431885
13.08.2024;2703.671875
14.08.2024;2662.914795
15.08.2024;2570.087646
16.08.2024;2593.186523
17.08.2024;2614.546875
18.08.2024;2613.357178
19.08.2024;2637.306396
20.08.2024;2573.106934
21.08.2024;2631.395508
22.08.2024;2622.951416
23.08.2024;2764.447021
24.08.2024;2769.389648
25.08.2024;2749.157715
26.08.2024;2681.340576
27.08.2024;2458.726563
28.08.2024;2528.415527
29.08.2024;2528.792725
30.08.2024;2525.822021
31.08.2024;2513.393799
01.09.2024;2427.902344
02.09.2024;2538.187256
03.09.2024;2420.60376
04.09.2024;2448.977051
05.09.2024;2367.737549
06.09.2024;2223.876465
07.09.2024;2274.107178
08.09.2024;2297.292969
09.09.2024;2358.482178
10.09.2024;2389.581055
11.09.2024;2339.841553
12.09.2024;2361.781738
13.09.2024;2441.607178
14.09.2024;2418.595703
15.09.2024;2320.897217
16.09.2024;2295.283691
17.09.2024;2341.707764
18.09.2024;2369.729004
19.09.2024;2464.752197
20.09.2024;2561.072021
21.09.2024;2615.857178
22.09.2024;2582.862549
23.09.2024;2648.546387
24.09.2024;2654.35498
25.09.2024;2579.388672
26.09.2024;2632.199951
27.09.2024;2695.900635
28.09.2024;2677.539063
29.09.2024;2659.346924
30.09.2024;2603.062744
01.10.2024;2448.921143
02.10.2024;2365.231689
03.10.2024;2349.79126
04.10.2024;2414.793945
05.10.2024;2415.631836
06.10.2024;2439.957764
07.10.2024;2421.796631
08.10.2024;2439.84082
09.10.2024;2368.283447
10.10.2024;2383.85791
11.10.2024;2436.513428
12.10.2024;2476.523193
13.10.2024;2467.677002
14.10.2024;2628.899902
15.10.2024;2606.021973
16.10.2024;2611.102051
17.10.2024;2604.273438
18.10.2024;2641.552246
19.10.2024;2648.656982
20.10.2024;2746.364014
21.10.2024;2665.712158
22.10.2024;2620.19751
23.10.2024;2509.098877
24.10.2024;2534.498535
25.10.2024;2435.934082
26.10.2024;2479.603271
27.10.2024;2505.940674
28.10.2024;2565.348145
29.10.2024;2637.95752
30.10.2024;2657.372559
31.10.2024;2515.799316
01.11.2024;2511.885498
02.11.2024;2491.068604
03.11.2024;2456.425293
04.11.2024;2397.026367
05.11.2024;2422.650635
06.11.2024;2724.169189
07.11.2024;2895.585449
08.11.2024;2962.296631
09.11.2024;3131.144531
10.11.2024;3191.331299
11.11.2024;3374.812988
12.11.2024;3246.257324
13.11.2024;3192.595947
14.11.2024;3058.94873
15.11.2024;3103.040527
16.11.2024;3133.273926
17.11.2024;3075.661621
18.11.2024;3207.856445
19.11.2024;3111.384033
20.11.2024;3072.187988
21.11.2024;3361.053955
22.11.2024;3331.60083
23.11.2024;3396.223389
24.11.2024;3363.659912
25.11.2024;3413.543945
26.11.2024;3326.517334
27.11.2024;3657.249268
28.11.2024;3579.811523
29.11.2024;3593.494385
30.11.2024;3705.705322
01.12.2024;3711.165039
02.12.2024;3644.198486
03.12.2024;3620.71167
04.12.2024;3841.331055
05.12.2024;3811.008301
06.12.2024;4005.810547
07.12.2024;4002.692627
08.12.2024;4005.70459
09.12.2024;3718.69043
10.12.2024;3631.83374
11.12.2024;3832.822021
12.12.2024;3883.101563
13.12.2024;3911.205322
14.12.2024;3868.405273
15.12.2024;3951.941162
16.12.2024;3987.480957
17.12.2024;3886.766113
18.12.2024;3618.79126
19.12.2024;3417.927979
20.12.2024;3472.553467
21.12.2024;3337.222412
22.12.2024;3277.535156
23.12.2024;3415.7854
24.12.2024;3492.049805
25.12.2024;3493.235352
26.12.2024;3331.22583
27.12.2024;3328.916992
28.12.2024;3397.902344
29.12.2024;3349.513428
30.12.2024;3356.392578
31.12.2024;3332.531738
01.01.2025;3353.50415
02.01.2025;3451.392578
03.01.2025;3605.009766
04.01.2025;3657.706787
05.01.2025;3634.10376
06.01.2025;3688.611328
07.01.2025;3381.577393
08.01.2025;3326.329346
09.01.2025;3219.430664
10.01.2025;3267.48999
11.01.2025;3282.217773
12.01.2025;3265.951172
13.01.2025;3135.499756
14.01.2025;3223.68457
15.01.2025;3450.537598
16.01.2025;3308.345215
17.01.2025;3474.107178
18.01.2025;3305.789551
19.01.2025;3208.964355
20.01.2025;3278.0354
21.01.2025;3327.40625
22.01.2025;3240.224609
23.01.2025;3334.714111
24.01.2025;3309.554932
25.01.2025;3317.269531
26.01.2025;3236.134277
27.01.2025;3178.92041
28.01.2025;3077.112549
29.01.2025;3112.999023
30.01.2025;3247.780029
31.01.2025;3298.265137
01.02.2025;3118.328613
02.02.2025;2868.692871
03.02.2025;2884.56665
04.02.2025;2735.05127
05.02.2025;2787.779053
06.02.2025;2688.400879
07.02.2025;2622.211182
08.02.2025;2632.30835
09.02.2025;2628.721191
10.02.2025;2661.166748
11.02.2025;2602.781982
12.02.2025;2736.9021
13.02.2025;2675.902588
14.02.2025;2726.091553
15.02.2025;2693.559814
16.02.2025;2663.315918
17.02.2025;2743.199707
18.02.2025;2669.338867
19.02.2025;2715.770996
20.02.2025;2740.386475
21.02.2025;2659.655518
22.02.2025;2764.029297
23.02.2025;2821.310303
24.02.2025;2513.821289
25.02.2025;2493.592529
26.02.2025;2331.452637
27.02.2025;2305.484375
28.02.2025;2237.905273
01.03.2025;2216.643311
02.03.2025;2519.69458
03.03.2025;2145.573975
04.03.2025;2170.015137
05.03.2025;2241.977295
06.03.2025;2202.476807
07.03.2025;2138.987549
08.03.2025;2201.510254
09.03.2025;2015.509155
10.03.2025;1861.151367
11.03.2025;1919.844971
12.03.2025;1908.982666
13.03.2025;1862.969604
14.03.2025;1909.467529
15.03.2025;1937.394653
16.03.2025;1887.435059
17.03.2025;1927.00293
18.03.2025;1932.543457
19.03.2025;2057.749023
20.03.2025;1982.099854
21.03.2025;1964.847534
22.03.2025;1980.037842
23.03.2025;2005.299194
24.03.2025;2077.479004
25.03.2025;2067.76416
26.03.2025;2009.189331
27.03.2025;2002.357422
28.03.2025;1895.50293
29.03.2025;1827.320313
30.03.2025;1806.218628
31.03.2025;1823.47998
01.04.2025;1905.491455
02.04.2025;1795.313232
03.04.2025;1815.637207
04.04.2025;1815.335205
05.04.2025;1805.973267
06.04.2025;1576.728027
07.04.2025;1555.240967
08.04.2025;1472.553101
09.04.2025;1668.040039
10.04.2025;1522.518799
11.04.2025;1567.14978
12.04.2025;1643.528564
13.04.2025;1596.685791
14.04.2025;1622.769897
15.04.2025;1588.632446
16.04.2025;1578.105347
17.04.2025;1582.54834
18.04.2025;1588.924683
19.04.2025;1612.922852
20.04.2025;1587.514282
21.04.2025;1579.734497
22.04.2025;1757.331665
23.04.2025;1796.104248
24.04.2025;1769.831665
25.04.2025;1786.634521
26.04.2025;1821.881104
27.04.2025;1792.86499
28.04.2025;1798.851807
29.04.2025;1799.175659
30.04.2025;1793.775391
01.05.2025;1839.221558
02.05.2025;1842.707886
03.05.2025;1833.839722
04.05.2025;1808.594238
05.05.2025;1819.69751
06.05.2025;1815.087524
07.05.2025;1811.606689
08.05.2025;2206.514648
09.05.2025;2345.507324
10.05.2025;2582.422607
11.05.2025;2510.237793
12.05.2025;2496.397705
13.05.2025;2680.129639
14.05.2025;2610.063232
15.05.2025;2546.856934
16.05.2025;2536.297607
17.05.2025;2475.754395
18.05.2025;2498.233643
19.05.2025;2529.166748
20.05.2025;2524.173096
21.05.2025;2552.347168
22.05.2025;2664.156982
23.05.2025;2526.441895
24.05.2025;2530.64624
25.05.2025;2551.763916
26.05.2025;2564.138428
27.05.2025;2663.069824
28.05.2025;2682.212891
29.05.2025;2632.654785
30.05.2025;2529.943604
31.05.2025;2529.087402
01.06.2025;2536.266357
02.06.2025;2607.097412
03.06.2025;2593.280273
04.06.2025;2608.643066
05.06.2025;2416.285645
06.06.2025;2477.194824
07.06.2025;2526.505371
08.06.2025;2510.787109
09.06.2025;2681.51709
10.06.2025;2813.517578
11.06.2025;2773.529297
12.06.2025;2651.795166
13.06.2025;2579.486084
14.06.2025;2533.444092
15.06.2025;2546.837158
16.06.2025;2540.60498
17.06.2025;2510.761475
18.06.2025;2524.301514
19.06.2025;2521.653564
20.06.2025;2407.304199
21.06.2025;2300.495605
22.06.2025;2228.213135
23.06.2025;2421.824951
24.06.2025;2448.008789
25.06.2025;2419.310303
26.06.2025;2416.146729
27.06.2025;2423.866943
28.06.2025;2437.109375
29.06.2025;2500.959961
30.06.2025;2486.464355
01.07.2025;2405.792725
02.07.2025;2571.335449
03.07.2025;2591.007324
04.07.2025;2508.518311
05.07.2025;2517.280029
06.07.2025;2571.236572
07.07.2025;2543.013184
08.07.2025;2615.505859
09.07.2025;2770.777588
10.07.2025;2954.845215
11.07.2025;2957.88623
12.07.2025;2942.911621
13.07.2025;2973.358887
14.07.2025;3013.35083
15.07.2025;3139.889648
16.07.2025;3371.506836
17.07.2025;3476.784424
18.07.2025;3549.016357
19.07.2025;3595.273682
20.07.2025;3759.471436
21.07.2025;3763.371338
22.07.2025;3749.145508
23.07.2025;3629.703613
24.07.2025;3708.005615
25.07.2025;3727.266846
26.07.2025;3741.395996
27.07.2025;3875.246582
28.07.2025;3787.425781
29.07.2025;3793.454834
30.07.2025;3808.20166
31.07.2025;3696.707764
01.08.2025;3488.365967
02.08.2025;3392.741211
03.08.2025;3497.37915
04.08.2025;3718.986084
05.08.2025;3611.899414
06.08.2025;3683.920654
07.08.2025;3914.325928
08.08.2025;4009.848877
09.08.2025;4263.599121
10.08.2025;4254.217773
11.08.2025;4226.966797
12.08.2025;4590.924805
13.08.2025;4756.275879
14.08.2025;4548.166504
15.08.2025;4439.98877
16.08.2025;4426.180176
17.08.2025;4473.271484
18.08.2025;4312.504883
19.08.2025;4073.464111
20.08.2025;4334.500488
21.08.2025;4223.209961
22.08.2025;4831.348633
23.08.2025;4776.090332
24.08.2025;4779.647461
25.08.2025;4372.987793
26.08.2025;4600.426758
27.08.2025;4503.393066
28.08.2025;4507.177734
29.08.2025;4360.152832
30.08.2025;4374.15332
31.08.2025;4390.019043
01.09.2025;4314.470215
02.09.2025;4325.365723
03.09.2025;4450.38916
04.09.2025;4298.744141
05.09.2025;4306.98877
06.09.2025;4274.242188
07.09.2025;4305.347656
08.09.2025;4308.072266
09.09.2025;4309.041504
10.09.2025;4349.145996
11.09.2025;4461.233398
12.09.2025;4715.246094
13.09.2025;4668.179688
14.09.2025;4609.597656
15.09.2025;4526.820313
16.09.2025;4503.564453
17.09.2025;4592.733398
18.09.2025;4589.918945
19.09.2025;4470.916992
20.09.2025;4482.265625
21.09.2025;4451.329102
22.09.2025;4202.877441
23.09.2025;4165.503906
24.09.2025;4153.469238
25.09.2025;3868.333984
26.09.2025;4035.887939
27.09.2025;4018.658203
28.09.2025;4141.476563
29.09.2025;4217.341797
30.09.2025;4145.95752
01.10.2025;4351.112305
02.10.2025;4487.923828
03.10.2025;4514.870605
04.10.2025;4489.197266
05.10.2025;4515.422852
06.10.2025;4687.771484
07.10.2025;4451.151855
08.10.2025;4527.647949
09.10.2025;4369.143555
10.10.2025;3843.008789
11.10.2025;3750.611572
12.10.2025;4164.427734
13.10.2025;4245.467773
14.10.2025;4125.412109
15.10.2025;3987.459473
16.10.2025;3894.754395
17.10.2025;3832.558838
18.10.2025;3890.346191
19.10.2025;3984.649658
20.10.2025;3980.760254
21.10.2025;3876.76416
22.10.2025;3808.122314
23.10.2025;3856.026367
24.10.2025;3934.567383
25.10.2025;3953.470947
26.10.2025;4157.989258
27.10.2025;4120.12207
28.10.2025;3982.262451
29.10.2025;3903.353027
30.10.2025;3804.375244
31.10.2025;3847.080322
01.11.2025;3874.187988
02.11.2025;3911.063232
03.11.2025;3602.308105
04.11.2025;3292.574463
05.11.2025;3425.171143
06.11.2025;3312.257813
07.11.2025;3435.301025
08.11.2025;3400.375977
09.11.2025;3582.621338
10.11.2025;3568.459961
11.11.2025;3415.282227
12.11.2025;3413.094238
13.11.2025;3232.75708
14.11.2025;3103.785645
15.11.2025;3166.631348
16.11.2025;3092.847412
17.11.2025;3024.538818
18.11.2025;3122.979004
19.11.2025;3023.070801
20.11.2025;2831.777588
21.11.2025;2765.699219
22.11.2025;2767.607422
23.11.2025;2818.361572
