Ticker;XRP-USD
23.11.2020;0.613979995
24.11.2020;0.692103028
25.11.2020;0.635483027
26.11.2020;0.533019006
27.11.2020;0.559267998
28.11.2020;0.625621974
29.11.2020;0.606245995
30.11.2020;0.664336979
01.12.2020;0.612923026
02.12.2020;0.629893005
03.12.2020;0.631483018
04.12.2020;0.557262003
05.12.2020;0.584420979
06.12.2020;0.619850993
07.12.2020;0.608933985
08.12.2020;0.558835983
09.12.2020;0.583589971
10.12.2020;0.572953999
11.12.2020;0.54648298
12.12.2020;0.506401002
13.12.2020;0.511464
14.12.2020;0.497711986
15.12.2020;0.469709992
16.12.2020;0.568628013
17.12.2020;0.576677024
18.12.2020;0.584280014
19.12.2020;0.579163015
20.12.2020;0.55605799
21.12.2020;0.516943991
22.12.2020;0.448448002
23.12.2020;0.258601993
24.12.2020;0.33781901
25.12.2020;0.318091005
26.12.2020;0.294712991
27.12.2020;0.283039004
28.12.2020;0.247958004
29.12.2020;0.220962003
30.12.2020;0.211827993
31.12.2020;0.219845995
01.01.2021;0.237443998
02.01.2021;0.221654996
03.01.2021;0.225848004
04.01.2021;0.236677006
05.01.2021;0.226750001
06.01.2021;0.250894994
07.01.2021;0.326002002
08.01.2021;0.323229998
09.01.2021;0.326916009
10.01.2021;0.31833601
11.01.2021;0.288904995
12.01.2021;0.29212299
13.01.2021;0.30557999
14.01.2021;0.295437992
15.01.2021;0.280405998
16.01.2021;0.280187994
17.01.2021;0.277384013
18.01.2021;0.284768999
19.01.2021;0.294313997
20.01.2021;0.296517998
21.01.2021;0.268945992
22.01.2021;0.272798985
23.01.2021;0.271820992
24.01.2021;0.273508996
25.01.2021;0.269089013
26.01.2021;0.268826991
27.01.2021;0.251942992
28.01.2021;0.264122009
29.01.2021;0.282187998
30.01.2021;0.440243989
31.01.2021;0.492314011
01.02.2021;0.371508986
02.02.2021;0.369269997
03.02.2021;0.393489987
04.02.2021;0.446449012
05.02.2021;0.450046986
06.02.2021;0.439096004
07.02.2021;0.417957991
08.02.2021;0.447701991
09.02.2021;0.471991003
10.02.2021;0.503445029
11.02.2021;0.524787009
12.02.2021;0.608591974
13.02.2021;0.628996015
14.02.2021;0.594192982
15.02.2021;0.548915029
16.02.2021;0.520846009
17.02.2021;0.535537004
18.02.2021;0.532432973
19.02.2021;0.567018986
20.02.2021;0.517512023
21.02.2021;0.548560023
22.02.2021;0.571740985
23.02.2021;0.473562986
24.02.2021;0.471832007
25.02.2021;0.434524
26.02.2021;0.427899987
27.02.2021;0.43780899
28.02.2021;0.414952993
01.03.2021;0.447243989
02.03.2021;0.436836988
03.03.2021;0.450278997
04.03.2021;0.486604989
05.03.2021;0.458119005
06.03.2021;0.46510601
07.03.2021;0.466867
08.03.2021;0.47359699
09.03.2021;0.485987991
10.03.2021;0.463165998
11.03.2021;0.452960014
12.03.2021;0.441130996
13.03.2021;0.459924012
14.03.2021;0.442111999
15.03.2021;0.437554985
16.03.2021;0.462599993
17.03.2021;0.472416997
18.03.2021;0.472918987
19.03.2021;0.471170992
20.03.2021;0.52699101
21.03.2021;0.519834995
22.03.2021;0.549942017
23.03.2021;0.556595027
24.03.2021;0.488837004
25.03.2021;0.517498016
26.03.2021;0.567054987
27.03.2021;0.550442994
28.03.2021;0.550755978
29.03.2021;0.567870975
30.03.2021;0.566859007
31.03.2021;0.57386899
01.04.2021;0.579291999
02.04.2021;0.616568983
03.04.2021;0.590915024
04.04.2021;0.646728992
05.04.2021;0.92047298
06.04.2021;1.096266031
07.04.2021;0.917576015
08.04.2021;1.052755952
09.04.2021;1.020836949
10.04.2021;1.374415994
11.04.2021;1.360530019
12.04.2021;1.467735052
13.04.2021;1.794000983
14.04.2021;1.839236021
15.04.2021;1.766067028
16.04.2021;1.557526946
17.04.2021;1.560055017
18.04.2021;1.405997992
19.04.2021;1.315044045
20.04.2021;1.383298993
21.04.2021;1.296497941
22.04.2021;1.159682035
23.04.2021;1.169659972
24.04.2021;1.048706055
25.04.2021;1.032256007
26.04.2021;1.368505955
27.04.2021;1.400954962
28.04.2021;1.358600974
29.04.2021;1.399359941
30.04.2021;1.59167397
01.05.2021;1.651025057
02.05.2021;1.562641025
03.05.2021;1.555994987
04.05.2021;1.392375946
05.05.2021;1.614511967
06.05.2021;1.60058105
07.05.2021;1.581755042
08.05.2021;1.56259799
09.05.2021;1.535292983
10.05.2021;1.389006019
11.05.2021;1.477681994
12.05.2021;1.247864008
13.05.2021;1.358909965
14.05.2021;1.402917027
15.05.2021;1.485880017
16.05.2021;1.452605963
17.05.2021;1.496299982
18.05.2021;1.590734005
19.05.2021;1.070312977
20.05.2021;1.185536981
21.05.2021;1.006976008
22.05.2021;0.906316996
23.05.2021;0.797015011
24.05.2021;0.992834985
25.05.2021;0.976186991
26.05.2021;1.033725023
27.05.2021;0.97023499
28.05.2021;0.900147974
29.05.2021;0.831788003
30.05.2021;0.906608999
31.05.2021;1.04658401
01.06.2021;1.011000991
02.06.2021;1.024399996
03.06.2021;1.045320988
04.06.2021;0.970196009
05.06.2021;0.923286021
06.06.2021;0.945285976
07.06.2021;0.861154974
08.06.2021;0.875787973
09.06.2021;0.920033991
10.06.2021;0.869181991
11.06.2021;0.848450005
12.06.2021;0.832683027
13.06.2021;0.883159995
14.06.2021;0.89289701
15.06.2021;0.889800012
16.06.2021;0.831907988
17.06.2021;0.841437995
18.06.2021;0.797648013
19.06.2021;0.761672974
20.06.2021;0.776377022
21.06.2021;0.610387981
22.06.2021;0.545067012
23.06.2021;0.626534998
24.06.2021;0.671999991
25.06.2021;0.613322973
26.06.2021;0.615435004
27.06.2021;0.646923006
28.06.2021;0.643746018
29.06.2021;0.701725006
30.06.2021;0.70637399
01.07.2021;0.661180019
02.07.2021;0.656763017
03.07.2021;0.672887981
04.07.2021;0.694944978
05.07.2021;0.654299974
06.07.2021;0.665401995
07.07.2021;0.651575029
08.07.2021;0.623058021
09.07.2021;0.636803985
10.07.2021;0.625463009
11.07.2021;0.635935009
12.07.2021;0.630177975
13.07.2021;0.619522989
14.07.2021;0.620324016
15.07.2021;0.596940994
16.07.2021;0.590774
17.07.2021;0.582427979
18.07.2021;0.587921977
19.07.2021;0.557555974
20.07.2021;0.529335976
21.07.2021;0.569998026
22.07.2021;0.592206001
23.07.2021;0.609224021
24.07.2021;0.609826982
25.07.2021;0.606356978
26.07.2021;0.625617981
27.07.2021;0.644604027
28.07.2021;0.725444973
29.07.2021;0.748017013
30.07.2021;0.752119005
31.07.2021;0.747785985
01.08.2021;0.725921988
02.08.2021;0.739220023
03.08.2021;0.712728977
04.08.2021;0.730488002
05.08.2021;0.733151019
06.08.2021;0.746513009
07.08.2021;0.816281021
08.08.2021;0.778738976
09.08.2021;0.818552971
10.08.2021;0.851247013
11.08.2021;1.012524009
12.08.2021;0.964549005
13.08.2021;1.089959979
14.08.2021;1.280411959
15.08.2021;1.288159966
16.08.2021;1.190992951
17.08.2021;1.09819901
18.08.2021;1.146096945
19.08.2021;1.232841969
20.08.2021;1.263221979
21.08.2021;1.216472983
22.08.2021;1.227722049
23.08.2021;1.247269988
24.08.2021;1.13735199
25.08.2021;1.172528982
26.08.2021;1.075266004
27.08.2021;1.188472986
28.08.2021;1.145504951
29.08.2021;1.140831947
30.08.2021;1.101434946
31.08.2021;1.187592983
01.09.2021;1.23488903
02.09.2021;1.256324053
03.09.2021;1.291435003
04.09.2021;1.255779028
05.09.2021;1.305498004
06.09.2021;1.389412999
07.09.2021;1.125098944
08.09.2021;1.100720048
09.09.2021;1.089401007
10.09.2021;1.057266951
11.09.2021;1.079905987
12.09.2021;1.119636059
13.09.2021;1.064677954
14.09.2021;1.096573949
15.09.2021;1.12135303
16.09.2021;1.091498017
17.09.2021;1.065598011
18.09.2021;1.075667977
19.09.2021;1.048428059
20.09.2021;0.917151988
21.09.2021;0.876329005
22.09.2021;1.004076004
23.09.2021;1.002040029
24.09.2021;0.945923984
25.09.2021;0.941341996
26.09.2021;0.944720984
27.09.2021;0.923685014
28.09.2021;0.893688977
29.09.2021;0.928349018
30.09.2021;0.952636003
01.10.2021;1.042623997
02.10.2021;1.038674951
03.10.2021;1.055170059
04.10.2021;1.043004036
05.10.2021;1.085502982
06.10.2021;1.077656031
07.10.2021;1.068025947
08.10.2021;1.062891006
09.10.2021;1.159926057
10.10.2021;1.138453007
11.10.2021;1.137887955
12.10.2021;1.101858974
13.10.2021;1.128391981
14.10.2021;1.132315993
15.10.2021;1.140550017
16.10.2021;1.135095954
17.10.2021;1.093467951
18.10.2021;1.083842039
19.10.2021;1.092079997
20.10.2021;1.142328024
21.10.2021;1.089315057
22.10.2021;1.088374019
23.10.2021;1.094496965
24.10.2021;1.084282994
25.10.2021;1.095157981
26.10.2021;1.108093023
27.10.2021;0.995451987
28.10.2021;1.058820009
29.10.2021;1.081503034
30.10.2021;1.08394897
31.10.2021;1.113247037
01.11.2021;1.092867017
02.11.2021;1.136196017
03.11.2021;1.208796024
04.11.2021;1.202003002
05.11.2021;1.161532998
06.11.2021;1.152454019
07.11.2021;1.217533946
08.11.2021;1.282377005
09.11.2021;1.258929968
10.11.2021;1.193372965
11.11.2021;1.218364
12.11.2021;1.189355016
13.11.2021;1.191938043
14.11.2021;1.188596964
15.11.2021;1.171370983
16.11.2021;1.090934038
17.11.2021;1.096290946
18.11.2021;1.041954041
19.11.2021;1.091492057
20.11.2021;1.097645998
21.11.2021;1.060173035
22.11.2021;1.036622047
23.11.2021;1.067057014
24.11.2021;1.042075038
25.11.2021;1.031888008
26.11.2021;0.936349988
27.11.2021;0.947157979
28.11.2021;0.968751013
29.11.2021;0.991961002
30.11.2021;0.998754025
01.12.2021;0.990930021
02.12.2021;0.972311974
03.12.2021;0.922244012
04.12.2021;0.847028971
05.12.2021;0.805594981
06.12.2021;0.828288019
07.12.2021;0.818588018
08.12.2021;0.863306999
09.12.2021;0.861271977
10.12.2021;0.801096976
11.12.2021;0.839312971
12.12.2021;0.841323972
13.12.2021;0.782894015
14.12.2021;0.796248972
15.12.2021;0.827431023
16.12.2021;0.806230009
17.12.2021;0.799291015
18.12.2021;0.827378988
19.12.2021;0.835033
20.12.2021;0.879827976
21.12.2021;0.947646022
22.12.2021;0.95469898
23.12.2021;0.993285
24.12.2021;0.912047029
25.12.2021;0.924818993
26.12.2021;0.92118001
27.12.2021;0.926183999
28.12.2021;0.852959991
29.12.2021;0.816713989
30.12.2021;0.839649022
31.12.2021;0.831162989
01.01.2022;0.849471986
02.01.2022;0.859117985
03.01.2022;0.832885027
04.01.2022;0.824672997
05.01.2022;0.774357975
06.01.2022;0.781346023
07.01.2022;0.763073981
08.01.2022;0.747687995
09.01.2022;0.754504979
10.01.2022;0.739335001
11.01.2022;0.770554006
12.01.2022;0.79954797
13.01.2022;0.768328011
14.01.2022;0.774296999
15.01.2022;0.781422973
16.01.2022;0.778954029
17.01.2022;0.762741983
18.01.2022;0.752631009
19.01.2022;0.739749014
20.01.2022;0.719421029
21.01.2022;0.635738015
22.01.2022;0.596041977
23.01.2022;0.628755987
24.01.2022;0.612138987
25.01.2022;0.617563009
26.01.2022;0.622071981
27.01.2022;0.608770013
28.01.2022;0.612511992
29.01.2022;0.616935015
30.01.2022;0.603181005
31.01.2022;0.619149029
01.02.2022;0.629233003
02.02.2022;0.601482987
03.02.2022;0.607684016
04.02.2022;0.655876994
05.02.2022;0.667127013
06.02.2022;0.683646977
07.02.2022;0.82781899
08.02.2022;0.878193974
09.02.2022;0.870626986
10.02.2022;0.830009997
11.02.2022;0.760226011
12.02.2022;0.82240802
13.02.2022;0.810272992
14.02.2022;0.80221802
15.02.2022;0.852333009
16.02.2022;0.839035988
17.02.2022;0.767172992
18.02.2022;0.785889983
19.02.2022;0.822528005
20.02.2022;0.778295994
21.02.2022;0.703465998
22.02.2022;0.722832978
23.02.2022;0.698746026
24.02.2022;0.696272016
25.02.2022;0.768903017
26.02.2022;0.750972986
27.02.2022;0.721992016
28.02.2022;0.782043993
01.03.2022;0.784861982
02.03.2022;0.768495977
03.03.2022;0.752184987
04.03.2022;0.712671995
05.03.2022;0.754899979
06.03.2022;0.725993991
07.03.2022;0.723286986
08.03.2022;0.720977008
09.03.2022;0.767235994
10.03.2022;0.737465024
11.03.2022;0.802155018
12.03.2022;0.786587
13.03.2022;0.761350989
14.03.2022;0.774655998
15.03.2022;0.766782999
16.03.2022;0.793537974
17.03.2022;0.793502986
18.03.2022;0.798265994
19.03.2022;0.819373012
20.03.2022;0.806120992
21.03.2022;0.838151991
22.03.2022;0.837096989
23.03.2022;0.837886989
24.03.2022;0.842967987
25.03.2022;0.825127006
26.03.2022;0.832772017
27.03.2022;0.857343018
28.03.2022;0.863304019
29.03.2022;0.85799998
30.03.2022;0.860813975
31.03.2022;0.81456399
01.04.2022;0.827740014
02.04.2022;0.824918985
03.04.2022;0.842949986
04.04.2022;0.827251017
05.04.2022;0.817641973
06.04.2022;0.761313975
07.04.2022;0.787999988
08.04.2022;0.754055977
09.04.2022;0.763584971
10.04.2022;0.756614029
11.04.2022;0.695023
12.04.2022;0.716614008
13.04.2022;0.723850012
14.04.2022;0.726818979
15.04.2022;0.785674989
16.04.2022;0.78184098
17.04.2022;0.75315398
18.04.2022;0.768016994
19.04.2022;0.775062978
20.04.2022;0.752178013
21.04.2022;0.73317802
22.04.2022;0.719193995
23.04.2022;0.707705021
24.04.2022;0.698738992
25.04.2022;0.694426
26.04.2022;0.641699016
27.04.2022;0.652318001
28.04.2022;0.644362986
29.04.2022;0.611406982
30.04.2022;0.587091029
01.05.2022;0.607843995
02.05.2022;0.614269018
03.05.2022;0.604848981
04.05.2022;0.646474004
05.05.2022;0.598886013
06.05.2022;0.602569997
07.05.2022;0.582346976
08.05.2022;0.566527009
09.05.2022;0.492940009
10.05.2022;0.513625979
11.05.2022;0.413376004
12.05.2022;0.385206014
13.05.2022;0.423417002
14.05.2022;0.427774012
15.05.2022;0.447371006
16.05.2022;0.422499001
17.05.2022;0.437622994
18.05.2022;0.406165987
19.05.2022;0.419975996
20.05.2022;0.411137015
21.05.2022;0.414673001
22.05.2022;0.422336996
23.05.2022;0.404671013
24.05.2022;0.408713013
25.05.2022;0.405784994
26.05.2022;0.393169999
27.05.2022;0.381787002
28.05.2022;0.386323005
29.05.2022;0.389016002
30.05.2022;0.418175012
31.05.2022;0.421867013
01.06.2022;0.398084998
02.06.2022;0.405301988
03.06.2022;0.390765995
04.06.2022;0.39230901
05.06.2022;0.39537999
06.06.2022;0.403010994
07.06.2022;0.407701999
08.06.2022;0.400647998
09.06.2022;0.400323987
10.06.2022;0.38173601
11.06.2022;0.359025002
12.06.2022;0.345490009
13.06.2022;0.310802013
14.06.2022;0.322142988
15.06.2022;0.343703002
16.06.2022;0.312056005
17.06.2022;0.321381003
18.06.2022;0.308090001
19.06.2022;0.326052994
20.06.2022;0.323345989
21.06.2022;0.328626007
22.06.2022;0.322584987
23.06.2022;0.335530996
24.06.2022;0.367587
25.06.2022;0.367556006
26.06.2022;0.358864009
27.06.2022;0.353235006
28.06.2022;0.337329
29.06.2022;0.328978002
30.06.2022;0.331447989
01.07.2022;0.313677013
02.07.2022;0.315578997
03.07.2022;0.321702987
04.07.2022;0.328790009
05.07.2022;0.325423002
06.07.2022;0.332271993
07.07.2022;0.342150986
08.07.2022;0.341627985
09.07.2022;0.344951987
10.07.2022;0.325663
11.07.2022;0.314296991
12.07.2022;0.311659008
13.07.2022;0.323729992
14.07.2022;0.333220989
15.07.2022;0.334535003
16.07.2022;0.350861013
17.07.2022;0.343412012
18.07.2022;0.366176993
19.07.2022;0.373225003
20.07.2022;0.360484004
21.07.2022;0.367036015
22.07.2022;0.358604014
23.07.2022;0.359540999
24.07.2022;0.359259993
25.07.2022;0.337314993
26.07.2022;0.337816
27.07.2022;0.359118015
28.07.2022;0.373376012
29.07.2022;0.368674994
30.07.2022;0.387764007
31.07.2022;0.380457997
01.08.2022;0.379976004
02.08.2022;0.37202099
03.08.2022;0.369852006
04.08.2022;0.371351004
05.08.2022;0.37659499
06.08.2022;0.371571004
07.08.2022;0.372505993
08.08.2022;0.37875399
09.08.2022;0.368101001
10.08.2022;0.381065011
11.08.2022;0.380562991
12.08.2022;0.379994988
13.08.2022;0.37796399
14.08.2022;0.376450986
15.08.2022;0.375773996
16.08.2022;0.377236992
17.08.2022;0.379707009
18.08.2022;0.370965004
19.08.2022;0.335049003
20.08.2022;0.337541014
21.08.2022;0.345301986
22.08.2022;0.344720989
23.08.2022;0.347092003
24.08.2022;0.346145004
25.08.2022;0.34949699
26.08.2022;0.338369995
27.08.2022;0.335346997
28.08.2022;0.323094994
29.08.2022;0.333797008
30.08.2022;0.326869011
31.08.2022;0.327870011
01.09.2022;0.333193988
02.09.2022;0.331259012
03.09.2022;0.329968989
04.09.2022;0.331799001
05.09.2022;0.33296001
06.09.2022;0.322207987
07.09.2022;0.337366998
08.09.2022;0.340245008
09.09.2022;0.357517004
10.09.2022;0.357681006
11.09.2022;0.35511899
12.09.2022;0.359445006
13.09.2022;0.333692014
14.09.2022;0.342081994
15.09.2022;0.326335013
16.09.2022;0.356687993
17.09.2022;0.377003998
18.09.2022;0.358323008
19.09.2022;0.38707301
20.09.2022;0.415183008
21.09.2022;0.396827996
22.09.2022;0.485101014
23.09.2022;0.507170975
24.09.2022;0.488716006
25.09.2022;0.492626995
26.09.2022;0.46767801
27.09.2022;0.448776007
28.09.2022;0.450672001
29.09.2022;0.485417008
30.09.2022;0.479773998
01.10.2022;0.475109994
02.10.2022;0.448850006
03.10.2022;0.462879002
04.10.2022;0.480174005
05.10.2022;0.489683002
06.10.2022;0.493184
07.10.2022;0.518278003
08.10.2022;0.51711297
09.10.2022;0.534061015
10.10.2022;0.497013986
11.10.2022;0.485397011
12.10.2022;0.488370001
13.10.2022;0.480812013
14.10.2022;0.488965988
15.10.2022;0.481507003
16.10.2022;0.477010012
17.10.2022;0.479918003
18.10.2022;0.465977013
19.10.2022;0.451227009
20.10.2022;0.448083997
21.10.2022;0.461097986
22.10.2022;0.465469986
23.10.2022;0.469033003
24.10.2022;0.453821003
25.10.2022;0.461544007
26.10.2022;0.469375998
27.10.2022;0.462406993
28.10.2022;0.473980993
29.10.2022;0.470416009
30.10.2022;0.458454996
31.10.2022;0.465914994
01.11.2022;0.464576989
02.11.2022;0.450874001
03.11.2022;0.455134988
04.11.2022;0.504404008
05.11.2022;0.493330002
06.11.2022;0.470670015
07.11.2022;0.465856999
08.11.2022;0.406242013
09.11.2022;0.333180994
10.11.2022;0.395705014
11.11.2022;0.384158999
12.11.2022;0.363676995
13.11.2022;0.340296
14.11.2022;0.376406014
15.11.2022;0.388520986
16.11.2022;0.376300991
17.11.2022;0.382544011
18.11.2022;0.383062989
19.11.2022;0.384698987
20.11.2022;0.361945003
21.11.2022;0.364798993
22.11.2022;0.376060992
23.11.2022;0.381581008
24.11.2022;0.401991993
25.11.2022;0.408412009
26.11.2022;0.396629006
27.11.2022;0.396820992
28.11.2022;0.390318006
29.11.2022;0.39854899
30.11.2022;0.408742994
01.12.2022;0.396708012
02.12.2022;0.396272987
03.12.2022;0.388146996
04.12.2022;0.390735
05.12.2022;0.389584005
06.12.2022;0.392093986
07.12.2022;0.383720994
08.12.2022;0.394544989
09.12.2022;0.389153004
10.12.2022;0.386698008
11.12.2022;0.381749004
12.12.2022;0.387394011
13.12.2022;0.395101994
14.12.2022;0.386413991
15.12.2022;0.378237009
16.12.2022;0.351987988
17.12.2022;0.354809999
18.12.2022;0.350270003
19.12.2022;0.338869989
20.12.2022;0.349373013
21.12.2022;0.346020013
22.12.2022;0.349599987
23.12.2022;0.354272991
24.12.2022;0.352178991
25.12.2022;0.346392006
26.12.2022;0.365723014
27.12.2022;0.368126005
28.12.2022;0.356530994
29.12.2022;0.342846006
30.12.2022;0.345016986
31.12.2022;0.339929014
01.01.2023;0.338762999
02.01.2023;0.348556012
03.01.2023;0.343823999
04.01.2023;0.347793996
05.01.2023;0.338039011
06.01.2023;0.344644994
07.01.2023;0.344267994
08.01.2023;0.345358014
09.01.2023;0.349339992
10.01.2023;0.351240993
11.01.2023;0.374157995
12.01.2023;0.375196993
13.01.2023;0.385803998
14.01.2023;0.395442992
15.01.2023;0.38488099
16.01.2023;0.386575997
17.01.2023;0.387710989
18.01.2023;0.37945199
19.01.2023;0.393785
20.01.2023;0.413343996
21.01.2023;0.403533012
22.01.2023;0.400967002
23.01.2023;0.424943
24.01.2023;0.407707006
25.01.2023;0.417692989
26.01.2023;0.410102993
27.01.2023;0.412791014
28.01.2023;0.408134013
29.01.2023;0.413764
30.01.2023;0.394591004
31.01.2023;0.406388998
01.02.2023;0.413892001
02.02.2023;0.409747005
03.02.2023;0.412205011
04.02.2023;0.41130501
05.02.2023;0.398936987
06.02.2023;0.392823994
07.02.2023;0.403903991
08.02.2023;0.398052007
09.02.2023;0.382465988
10.02.2023;0.382645011
11.02.2023;0.38400799
12.02.2023;0.37528199
13.02.2023;0.371675014
14.02.2023;0.38240701
15.02.2023;0.401351988
16.02.2023;0.385156989
17.02.2023;0.395301998
18.02.2023;0.394630015
19.02.2023;0.386317015
20.02.2023;0.398525
21.02.2023;0.39190501
22.02.2023;0.395586014
23.02.2023;0.389129996
24.02.2023;0.378477007
25.02.2023;0.378084987
26.02.2023;0.378040999
27.02.2023;0.379114985
28.02.2023;0.377149999
01.03.2023;0.383879006
02.03.2023;0.377579987
03.03.2023;0.377671003
04.03.2023;0.373813003
05.03.2023;0.367193997
06.03.2023;0.370471001
07.03.2023;0.380548
08.03.2023;0.389187992
09.03.2023;0.372130007
10.03.2023;0.370622009
11.03.2023;0.366831988
12.03.2023;0.373317987
13.03.2023;0.373786002
14.03.2023;0.374278992
15.03.2023;0.360558003
16.03.2023;0.366025001
17.03.2023;0.380382001
18.03.2023;0.374433011
19.03.2023;0.388464987
20.03.2023;0.374628007
21.03.2023;0.469709992
22.03.2023;0.422479987
23.03.2023;0.444849998
24.03.2023;0.425902009
25.03.2023;0.444716007
26.03.2023;0.448817015
27.03.2023;0.479990989
28.03.2023;0.515057981
29.03.2023;0.543577015
30.03.2023;0.534249008
31.03.2023;0.538492024
01.04.2023;0.514741004
02.04.2023;0.518953025
03.04.2023;0.496960014
04.04.2023;0.503479004
05.04.2023;0.506235003
06.04.2023;0.503297985
07.04.2023;0.51373601
08.04.2023;0.505716026
09.04.2023;0.505833983
10.04.2023;0.518317997
11.04.2023;0.517517984
12.04.2023;0.506115019
13.04.2023;0.513292015
14.04.2023;0.523993015
15.04.2023;0.520443976
16.04.2023;0.521391988
17.04.2023;0.511126995
18.04.2023;0.532263994
19.04.2023;0.491598994
20.04.2023;0.474857986
21.04.2023;0.449396014
22.04.2023;0.472660989
23.04.2023;0.465016007
24.04.2023;0.461273015
25.04.2023;0.469994992
26.04.2023;0.462036997
27.04.2023;0.466868013
28.04.2023;0.480271012
29.04.2023;0.478408992
30.04.2023;0.472332001
01.05.2023;0.464965999
02.05.2023;0.464951009
03.05.2023;0.463494003
04.05.2023;0.461573005
05.05.2023;0.467799991
06.05.2023;0.45954901
07.05.2023;0.450363994
08.05.2023;0.428914994
09.05.2023;0.42988801
10.05.2023;0.430873007
11.05.2023;0.421878994
12.05.2023;0.430718005
13.05.2023;0.424903005
14.05.2023;0.425859988
15.05.2023;0.427561998
16.05.2023;0.441421986
17.05.2023;0.448588997
18.05.2023;0.460298985
19.05.2023;0.467981994
20.05.2023;0.469081014
21.05.2023;0.457549989
22.05.2023;0.461600989
23.05.2023;0.465429991
24.05.2023;0.45360899
25.05.2023;0.45373401
26.05.2023;0.469139993
27.05.2023;0.472245008
28.05.2023;0.482888997
29.05.2023;0.494150996
30.05.2023;0.521938026
31.05.2023;0.517386019
01.06.2023;0.507317007
02.06.2023;0.525386989
03.06.2023;0.519351006
04.06.2023;0.535911024
05.06.2023;0.510393977
06.06.2023;0.530463994
07.06.2023;0.519627988
08.06.2023;0.524546027
09.06.2023;0.537917018
10.06.2023;0.508198977
11.06.2023;0.521220982
12.06.2023;0.525721014
13.06.2023;0.52008599
14.06.2023;0.48021999
15.06.2023;0.480118006
16.06.2023;0.475742996
17.06.2023;0.479790002
18.06.2023;0.487572998
19.06.2023;0.493395001
20.06.2023;0.492870003
21.06.2023;0.50069499
22.06.2023;0.494975001
23.06.2023;0.496565998
24.06.2023;0.487313002
25.06.2023;0.490276992
26.06.2023;0.479332
27.06.2023;0.483839989
28.06.2023;0.465222001
29.06.2023;0.474721998
30.06.2023;0.474036992
01.07.2023;0.473522007
02.07.2023;0.484492987
03.07.2023;0.489547014
04.07.2023;0.487841994
05.07.2023;0.478271991
06.07.2023;0.463739008
07.07.2023;0.468764991
08.07.2023;0.470643997
09.07.2023;0.468549997
10.07.2023;0.477663994
11.07.2023;0.475719005
12.07.2023;0.471105009
13.07.2023;0.815365016
14.07.2023;0.719156981
15.07.2023;0.713279009
16.07.2023;0.746860027
17.07.2023;0.739205003
18.07.2023;0.779540002
19.07.2023;0.820694029
20.07.2023;0.794058025
21.07.2023;0.772502005
22.07.2023;0.733286977
23.07.2023;0.738682985
24.07.2023;0.702764988
25.07.2023;0.709599972
26.07.2023;0.715798974
27.07.2023;0.713645995
28.07.2023;0.712567985
29.07.2023;0.712738991
30.07.2023;0.705136001
31.07.2023;0.698521018
01.08.2023;0.707211018
02.08.2023;0.685195029
03.08.2023;0.664134979
04.08.2023;0.635538995
05.08.2023;0.628422976
06.08.2023;0.623086989
07.08.2023;0.621931016
08.08.2023;0.642405987
09.08.2023;0.643365026
10.08.2023;0.632986009
11.08.2023;0.631675005
12.08.2023;0.627205014
13.08.2023;0.626101971
14.08.2023;0.634281993
15.08.2023;0.609598994
16.08.2023;0.588328004
17.08.2023;0.507142007
18.08.2023;0.506099999
19.08.2023;0.519629002
20.08.2023;0.539547026
21.08.2023;0.524537981
22.08.2023;0.520929992
23.08.2023;0.529901981
24.08.2023;0.518413007
25.08.2023;0.526246011
26.08.2023;0.523469985
27.08.2023;0.523844004
28.08.2023;0.523248017
29.08.2023;0.540064991
30.08.2023;0.52819401
31.08.2023;0.510798991
01.09.2023;0.498075008
02.09.2023;0.499090999
03.09.2023;0.50504899
04.09.2023;0.508374989
05.09.2023;0.505411029
06.09.2023;0.503243029
07.09.2023;0.504857004
08.09.2023;0.50484997
09.09.2023;0.50385499
10.09.2023;0.497814
11.09.2023;0.474373996
12.09.2023;0.480738014
13.09.2023;0.48377499
14.09.2023;0.489457011
15.09.2023;0.500874996
16.09.2023;0.499879986
17.09.2023;0.493041009
18.09.2023;0.503202975
19.09.2023;0.514150977
20.09.2023;0.521354973
21.09.2023;0.507179022
22.09.2023;0.512510002
23.09.2023;0.508033991
24.09.2023;0.502388
25.09.2023;0.505460978
26.09.2023;0.501707971
27.09.2023;0.499597013
28.09.2023;0.509525001
29.09.2023;0.521718979
30.09.2023;0.515404999
01.10.2023;0.524204016
02.10.2023;0.512831986
03.10.2023;0.538387001
04.10.2023;0.53293103
05.10.2023;0.523365974
06.10.2023;0.526193023
07.10.2023;0.521906018
08.10.2023;0.517961025
09.10.2023;0.503226995
10.10.2023;0.497435987
11.10.2023;0.488837987
12.10.2023;0.483049989
13.10.2023;0.485698998
14.10.2023;0.486775011
15.10.2023;0.487845987
16.10.2023;0.497976989
17.10.2023;0.491694003
18.10.2023;0.48831901
19.10.2023;0.520126998
20.10.2023;0.516004026
21.10.2023;0.521242976
22.10.2023;0.522486985
23.10.2023;0.546869993
24.10.2023;0.558532
25.10.2023;0.555306017
26.10.2023;0.553682983
27.10.2023;0.546106994
28.10.2023;0.545391023
29.10.2023;0.556393981
30.10.2023;0.578944027
31.10.2023;0.600282013
01.11.2023;0.609538019
02.11.2023;0.606438994
03.11.2023;0.613002002
04.11.2023;0.616183996
05.11.2023;0.661146998
06.11.2023;0.715516984
07.11.2023;0.686402023
08.11.2023;0.688076019
09.11.2023;0.667474985
10.11.2023;0.660574973
11.11.2023;0.662734985
12.11.2023;0.661535978
13.11.2023;0.671523988
14.11.2023;0.629673004
15.11.2023;0.649648011
16.11.2023;0.612168014
17.11.2023;0.61371702
18.11.2023;0.611189008
19.11.2023;0.627498984
20.11.2023;0.612842023
21.11.2023;0.580461979
22.11.2023;0.611899018
23.11.2023;0.620242
24.11.2023;0.621881008
25.11.2023;0.623444021
26.11.2023;0.616819024
27.11.2023;0.604152977
28.11.2023;0.611422002
29.11.2023;0.609358013
30.11.2023;0.606357992
01.12.2023;0.612914979
02.12.2023;0.620975971
03.12.2023;0.62372297
04.12.2023;0.624373972
05.12.2023;0.621996999
06.12.2023;0.640332997
07.12.2023;0.643631995
08.12.2023;0.673138022
09.12.2023;0.658814013
10.12.2023;0.661578
11.12.2023;0.620211005
12.12.2023;0.619548976
13.12.2023;0.628485978
14.12.2023;0.632431984
15.12.2023;0.615491986
16.12.2023;0.619835019
17.12.2023;0.610418022
18.12.2023;0.612529993
19.12.2023;0.605455995
20.12.2023;0.617318988
21.12.2023;0.62391001
22.12.2023;0.625401974
23.12.2023;0.620204985
24.12.2023;0.613518
25.12.2023;0.646336973
26.12.2023;0.622368991
27.12.2023;0.634855986
28.12.2023;0.634998024
29.12.2023;0.623401999
30.12.2023;0.621843994
31.12.2023;0.614941001
01.01.2024;0.630082011
02.01.2024;0.625362992
03.01.2024;0.58257997
04.01.2024;0.58822602
05.01.2024;0.576485991
06.01.2024;0.568512022
07.01.2024;0.551741004
08.01.2024;0.577923
09.01.2024;0.566632986
10.01.2024;0.599988997
11.01.2024;0.602095008
12.01.2024;0.570299029
13.01.2024;0.575078011
14.01.2024;0.576233029
15.01.2024;0.575919986
16.01.2024;0.575946987
17.01.2024;0.567973018
18.01.2024;0.551907003
19.01.2024;0.544255972
20.01.2024;0.553125978
21.01.2024;0.546110988
22.01.2024;0.526715994
23.01.2024;0.517736971
24.01.2024;0.517988026
25.01.2024;0.513606012
26.01.2024;0.532189012
27.01.2024;0.530260026
28.01.2024;0.524093986
29.01.2024;0.535090029
30.01.2024;0.51069802
31.01.2024;0.503193021
01.02.2024;0.505859017
02.02.2024;0.510411978
03.02.2024;0.518939018
04.02.2024;0.503287971
05.02.2024;0.506244004
06.02.2024;0.505153
07.02.2024;0.513788998
08.02.2024;0.51452899
09.02.2024;0.526031017
10.02.2024;0.524111986
11.02.2024;0.526084006
12.02.2024;0.531897008
13.02.2024;0.524834991
14.02.2024;0.538401008
15.02.2024;0.562754989
16.02.2024;0.564960003
17.02.2024;0.549885988
18.02.2024;0.556903005
19.02.2024;0.562596977
20.02.2024;0.562922001
21.02.2024;0.549004018
22.02.2024;0.540913999
23.02.2024;0.534533978
24.02.2024;0.545117974
25.02.2024;0.542424977
26.02.2024;0.551405013
27.02.2024;0.586257994
28.02.2024;0.575811028
29.02.2024;0.58632499
01.03.2024;0.601890028
02.03.2024;0.644851029
03.03.2024;0.627071977
04.03.2024;0.650133014
05.03.2024;0.592900991
06.03.2024;0.61225301
07.03.2024;0.628624022
08.03.2024;0.621954978
09.03.2024;0.621805012
10.03.2024;0.608431995
11.03.2024;0.718035996
12.03.2024;0.688208997
13.03.2024;0.690949976
14.03.2024;0.669966996
15.03.2024;0.633737028
16.03.2024;0.603060007
17.03.2024;0.619231999
18.03.2024;0.647565007
19.03.2024;0.584441006
20.03.2024;0.612161994
21.03.2024;0.640690982
22.03.2024;0.61094898
23.03.2024;0.617595971
24.03.2024;0.632950008
25.03.2024;0.641034007
26.03.2024;0.632252991
27.03.2024;0.611963987
28.03.2024;0.624553978
29.03.2024;0.63075
30.03.2024;0.621836007
31.03.2024;0.629225016
01.04.2024;0.61125797
02.04.2024;0.585466027
03.04.2024;0.574917018
04.04.2024;0.593656003
05.04.2024;0.587522984
06.04.2024;0.59333998
07.04.2024;0.59483403
08.04.2024;0.615490019
09.04.2024;0.613816977
10.04.2024;0.617560983
11.04.2024;0.608879983
12.04.2024;0.548413992
13.04.2024;0.480818987
14.04.2024;0.504257977
15.04.2024;0.497731
16.04.2024;0.496695012
17.04.2024;0.494841009
18.04.2024;0.502982974
19.04.2024;0.503786027
20.04.2024;0.529293001
21.04.2024;0.524680018
22.04.2024;0.556833029
23.04.2024;0.545158982
24.04.2024;0.52740401
25.04.2024;0.52551198
26.04.2024;0.52611202
27.04.2024;0.517774999
28.04.2024;0.51037699
29.04.2024;0.515432
30.04.2024;0.500065029
01.05.2024;0.51700002
02.05.2024;0.518329024
03.05.2024;0.531894028
04.05.2024;0.530404985
05.05.2024;0.529784024
06.05.2024;0.540547013
07.05.2024;0.524743974
08.05.2024;0.517229974
09.05.2024;0.521028996
10.05.2024;0.502337992
11.05.2024;0.505975008
12.05.2024;0.499475002
13.05.2024;0.504902005
14.05.2024;0.49988699
15.05.2024;0.519003987
16.05.2024;0.515698016
17.05.2024;0.523804009
18.05.2024;0.521390021
19.05.2024;0.509661019
20.05.2024;0.537333012
21.05.2024;0.536983013
22.05.2024;0.52651
23.05.2024;0.52828598
24.05.2024;0.535753012
25.05.2024;0.541809022
26.05.2024;0.528210998
27.05.2024;0.533771992
28.05.2024;0.528235018
29.05.2024;0.523248017
30.05.2024;0.518860996
31.05.2024;0.517799973
01.06.2024;0.518312991
02.06.2024;0.513481975
03.06.2024;0.520099998
04.06.2024;0.525765002
05.06.2024;0.525711
06.06.2024;0.521578014
07.06.2024;0.498950988
08.06.2024;0.493144989
09.06.2024;0.498582989
10.06.2024;0.496627986
11.06.2024;0.480320007
12.06.2024;0.491540015
13.06.2024;0.477005005
14.06.2024;0.474274993
15.06.2024;0.490691006
16.06.2024;0.488831997
17.06.2024;0.505159974
18.06.2024;0.490947992
19.06.2024;0.493241012
20.06.2024;0.488716006
21.06.2024;0.488956004
22.06.2024;0.486620992
23.06.2024;0.479488999
24.06.2024;0.474142998
25.06.2024;0.475685
26.06.2024;0.469599992
27.06.2024;0.474655002
28.06.2024;0.470885009
29.06.2024;0.471994013
30.06.2024;0.475483
01.07.2024;0.476640999
02.07.2024;0.484519988
03.07.2024;0.46676001
04.07.2024;0.433573991
05.07.2024;0.425491989
06.07.2024;0.449052989
07.07.2024;0.419822991
08.07.2024;0.43147999
09.07.2024;0.435916007
10.07.2024;0.439038008
11.07.2024;0.449041009
12.07.2024;0.474730015
13.07.2024;0.526328981
14.07.2024;0.522862971
15.07.2024;0.537877977
16.07.2024;0.579375982
17.07.2024;0.626486003
18.07.2024;0.569573998
19.07.2024;0.573751986
20.07.2024;0.594650984
21.07.2024;0.597467005
22.07.2024;0.607636988
23.07.2024;0.597456992
24.07.2024;0.618843019
25.07.2024;0.599816024
26.07.2024;0.604067981
27.07.2024;0.596795022
28.07.2024;0.60194701
29.07.2024;0.602086008
30.07.2024;0.627876997
31.07.2024;0.623938978
01.08.2024;0.596463978
02.08.2024;0.560770988
03.08.2024;0.556391001
04.08.2024;0.523396015
05.08.2024;0.489466012
06.08.2024;0.505697012
07.08.2024;0.600809991
08.08.2024;0.617577016
09.08.2024;0.581152976
10.08.2024;0.585578978
11.08.2024;0.552932024
12.08.2024;0.568768024
13.08.2024;0.576399028
14.08.2024;0.569191992
15.08.2024;0.560954988
16.08.2024;0.564516008
17.08.2024;0.566318989
18.08.2024;0.56387502
19.08.2024;0.59860599
20.08.2024;0.594428003
21.08.2024;0.60027498
22.08.2024;0.597600996
23.08.2024;0.611239016
24.08.2024;0.613110006
25.08.2024;0.600184023
26.08.2024;0.587469995
27.08.2024;0.567553997
28.08.2024;0.569850028
29.08.2024;0.562054992
30.08.2024;0.567031026
31.08.2024;0.566313028
01.09.2024;0.547990024
02.09.2024;0.567587018
03.09.2024;0.557390988
04.09.2024;0.558175981
05.09.2024;0.54419601
06.09.2024;0.521346986
07.09.2024;0.525092006
08.09.2024;0.529290974
09.09.2024;0.539637983
10.09.2024;0.541077971
11.09.2024;0.535311997
12.09.2024;0.562575996
13.09.2024;0.573149025
14.09.2024;0.596198976
15.09.2024;0.570975006
16.09.2024;0.585407019
17.09.2024;0.584501982
18.09.2024;0.585250974
19.09.2024;0.587370992
20.09.2024;0.585170984
21.09.2024;0.598141015
22.09.2024;0.587620974
23.09.2024;0.585065007
24.09.2024;0.591543972
25.09.2024;0.583540976
26.09.2024;0.590421021
27.09.2024;0.588926971
28.09.2024;0.61480099
29.09.2024;0.641946971
30.09.2024;0.611491978
01.10.2024;0.597530007
02.10.2024;0.539830983
03.10.2024;0.521952987
04.10.2024;0.534340978
05.10.2024;0.529496014
06.10.2024;0.533591986
07.10.2024;0.529933989
08.10.2024;0.530867994
09.10.2024;0.524331987
10.10.2024;0.529977024
11.10.2024;0.538296998
12.10.2024;0.53956002
13.10.2024;0.531539977
14.10.2024;0.548021019
15.10.2024;0.541451991
16.10.2024;0.54804498
17.10.2024;0.543658018
18.10.2024;0.546540976
19.10.2024;0.544256985
20.10.2024;0.547652006
21.10.2024;0.544862986
22.10.2024;0.533379018
23.10.2024;0.525210977
24.10.2024;0.531760991
25.10.2024;0.501918972
26.10.2024;0.512760997
27.10.2024;0.516381025
28.10.2024;0.519227028
29.10.2024;0.527916014
30.10.2024;0.522974014
31.10.2024;0.509236991
01.11.2024;0.512867987
02.11.2024;0.509850025
03.11.2024;0.502930999
04.11.2024;0.503225982
05.11.2024;0.514029026
06.11.2024;0.542427003
07.11.2024;0.554732025
08.11.2024;0.554078996
09.11.2024;0.559486985
10.11.2024;0.589381993
11.11.2024;0.620467007
12.11.2024;0.707699001
13.11.2024;0.690288007
14.11.2024;0.773006976
15.11.2024;0.892090976
16.11.2024;1.119089961
17.11.2024;1.054334998
18.11.2024;1.117936015
19.11.2024;1.10194695
20.11.2024;1.102301002
21.11.2024;1.250352025
22.11.2024;1.469019055
23.11.2024;1.469007969
24.11.2024;1.432410955
25.11.2024;1.415423036
26.11.2024;1.401322961
27.11.2024;1.472812057
28.11.2024;1.541342974
29.11.2024;1.796730995
30.11.2024;1.944121003
01.12.2024;2.320223093
02.12.2024;2.71380496
03.12.2024;2.525527
04.12.2024;2.354444027
05.12.2024;2.29520607
06.12.2024;2.424736977
07.12.2024;2.616624117
08.12.2024;2.608347893
09.12.2024;2.218951941
10.12.2024;2.369159937
11.12.2024;2.400069952
12.12.2024;2.3427701
13.12.2024;2.421319008
14.12.2024;2.398705006
15.12.2024;2.446949959
16.12.2024;2.488657951
17.12.2024;2.565190077
18.12.2024;2.303318024
19.12.2024;2.248891115
20.12.2024;2.276885986
21.12.2024;2.238111973
22.12.2024;2.199331999
23.12.2024;2.257261992
24.12.2024;2.324624062
25.12.2024;2.295969963
26.12.2024;2.154339075
27.12.2024;2.141649961
28.12.2024;2.180824041
29.12.2024;2.093179941
30.12.2024;2.057570934
31.12.2024;2.080127954
01.01.2025;2.322340965
02.01.2025;2.403369904
03.01.2025;2.452896118
04.01.2025;2.419595003
05.01.2025;2.399727106
06.01.2025;2.41880703
07.01.2025;2.272350073
08.01.2025;2.375304937
09.01.2025;2.275212049
10.01.2025;2.343251944
11.01.2025;2.576770067
12.01.2025;2.506314039
13.01.2025;2.522934914
14.01.2025;2.669132948
15.01.2025;3.155057907
16.01.2025;3.245539904
17.01.2025;3.298635006
18.01.2025;3.274019003
19.01.2025;2.954716921
20.01.2025;3.099834919
21.01.2025;3.169399977
22.01.2025;3.171104908
23.01.2025;3.119890928
24.01.2025;3.103482962
25.01.2025;3.109705925
26.01.2025;3.026227951
27.01.2025;3.053184986
28.01.2025;3.061120033
29.01.2025;3.068294048
30.01.2025;3.131068945
31.01.2025;3.035419941
01.02.2025;2.884469032
02.02.2025;2.579794884
03.02.2025;2.701155901
04.02.2025;2.535424948
05.02.2025;2.38231492
06.02.2025;2.326879978
07.02.2025;2.393583059
08.02.2025;2.424376011
09.02.2025;2.396939993
10.02.2025;2.422696114
11.02.2025;2.414216042
12.02.2025;2.472835064
13.02.2025;2.56251502
14.02.2025;2.74019599
15.02.2025;2.761578083
16.02.2025;2.727824926
17.02.2025;2.658273935
18.02.2025;2.558877945
19.02.2025;2.740801096
20.02.2025;2.690828085
21.02.2025;2.570139885
22.02.2025;2.575706005
23.02.2025;2.57701993
24.02.2025;2.277929068
25.02.2025;2.320717096
26.02.2025;2.192435026
27.02.2025;2.198647976
28.02.2025;2.145595074
01.03.2025;2.190603018
02.03.2025;2.936942101
03.03.2025;2.385741949
04.03.2025;2.455146074
05.03.2025;2.500509024
06.03.2025;2.601728916
07.03.2025;2.381623983
08.03.2025;2.323438883
09.03.2025;2.134576082
10.03.2025;2.018294096
11.03.2025;2.166915894
12.03.2025;2.240755081
13.03.2025;2.251008034
14.03.2025;2.356442928
15.03.2025;2.393238068
16.03.2025;2.29786706
17.03.2025;2.340637922
18.03.2025;2.286959887
19.03.2025;2.545840979
20.03.2025;2.434674025
21.03.2025;2.379277945
22.03.2025;2.369823933
23.03.2025;2.435492992
24.03.2025;2.448162079
25.03.2025;2.451349974
26.03.2025;2.349087954
27.03.2025;2.338274002
28.03.2025;2.204137087
29.03.2025;2.139949083
30.03.2025;2.136142969
31.03.2025;2.089896917
01.04.2025;2.139611006
02.04.2025;2.025067091
03.04.2025;2.062467098
04.04.2025;2.128959894
05.04.2025;2.143731117
06.04.2025;1.917894959
07.04.2025;1.897753954
08.04.2025;1.794567943
09.04.2025;2.051738024
10.04.2025;1.966482043
11.04.2025;2.023886919
12.04.2025;2.158620119
13.04.2025;2.120198965
14.04.2025;2.126754045
15.04.2025;2.088548899
16.04.2025;2.08324194
17.04.2025;2.066415071
18.04.2025;2.063527107
19.04.2025;2.087320089
20.04.2025;2.077001095
21.04.2025;2.085515022
22.04.2025;2.215472937
23.04.2025;2.217355967
24.04.2025;2.204544067
25.04.2025;2.18305397
26.04.2025;2.193188906
27.04.2025;2.25623703
28.04.2025;2.295137882
29.04.2025;2.240801096
30.04.2025;2.191556931
01.05.2025;2.214162111
02.05.2025;2.209830999
03.05.2025;2.18836689
04.05.2025;2.157794952
05.05.2025;2.135608912
06.05.2025;2.155430079
07.05.2025;2.126171112
08.05.2025;2.323184013
09.05.2025;2.344671011
10.05.2025;2.472029924
11.05.2025;2.366524935
12.05.2025;2.544637918
13.05.2025;2.58654809
14.05.2025;2.552702904
15.05.2025;2.380367041
16.05.2025;2.380984068
17.05.2025;2.354363918
18.05.2025;2.434170961
19.05.2025;2.381378889
20.05.2025;2.356755018
21.05.2025;2.39892602
22.05.2025;2.429795027
23.05.2025;2.29432106
24.05.2025;2.332870007
25.05.2025;2.342974901
26.05.2025;2.310661077
27.05.2025;2.318671942
28.05.2025;2.274252892
29.05.2025;2.244246006
30.05.2025;2.138633966
31.05.2025;2.175060034
01.06.2025;2.17918396
02.06.2025;2.197755098
03.06.2025;2.246844053
04.06.2025;2.202310085
05.06.2025;2.097634077
06.06.2025;2.162405968
07.06.2025;2.178545952
08.06.2025;2.265495062
09.06.2025;2.320374966
10.06.2025;2.305284977
11.06.2025;2.27087307
12.06.2025;2.194768906
13.06.2025;2.14902997
14.06.2025;2.141406059
15.06.2025;2.167176962
16.06.2025;2.241771936
17.06.2025;2.160713911
18.06.2025;2.169665098
19.06.2025;2.165937901
20.06.2025;2.120347023
21.06.2025;2.05755806
22.06.2025;2.014028072
23.06.2025;2.166309118
24.06.2025;2.190815926
25.06.2025;2.185872078
26.06.2025;2.105854988
27.06.2025;2.142618895
28.06.2025;2.186043978
29.06.2025;2.207072973
30.06.2025;2.238749981
01.07.2025;2.172194958
02.07.2025;2.23376894
03.07.2025;2.257658005
04.07.2025;2.221138954
05.07.2025;2.218522072
06.07.2025;2.272541046
07.07.2025;2.274077892
08.07.2025;2.311233997
09.07.2025;2.405636072
10.07.2025;2.546683073
11.07.2025;2.734863997
12.07.2025;2.737636089
13.07.2025;2.835941076
14.07.2025;2.954977036
15.07.2025;2.918951988
16.07.2025;3.041404963
17.07.2025;3.495129108
18.07.2025;3.418211937
19.07.2025;3.429405928
20.07.2025;3.459528923
21.07.2025;3.555764914
22.07.2025;3.551676035
23.07.2025;3.184930086
24.07.2025;3.143894911
25.07.2025;3.141720057
26.07.2025;3.167534113
27.07.2025;3.241281986
28.07.2025;3.115842104
29.07.2025;3.128431082
30.07.2025;3.098376036
31.07.2025;3.025170088
01.08.2025;2.964596987
02.08.2025;2.766371965
03.08.2025;2.949543953
04.08.2025;3.072809935
05.08.2025;2.963747978
06.08.2025;2.991888046
07.08.2025;3.318207979
08.08.2025;3.287120104
09.08.2025;3.227883101
10.08.2025;3.187855959
11.08.2025;3.134514093
12.08.2025;3.266505957
13.08.2025;3.280591011
14.08.2025;3.083522081
15.08.2025;3.078666925
16.08.2025;3.108139992
17.08.2025;3.089040995
18.08.2025;3.061482906
19.08.2025;2.852924109
20.08.2025;2.95074892
21.08.2025;2.850474119
22.08.2025;3.075773001
23.08.2025;3.046214104
24.08.2025;3.025868893
25.08.2025;2.861272097
26.08.2025;3.012217999
27.08.2025;2.966618061
28.08.2025;2.967094898
29.08.2025;2.821957111
30.08.2025;2.818186045
31.08.2025;2.776640892
01.09.2025;2.753695011
02.09.2025;2.861859083
03.09.2025;2.844894886
04.09.2025;2.795828104
05.09.2025;2.81624794
06.09.2025;2.810854912
07.09.2025;2.878561974
08.09.2025;2.970401049
09.09.2025;2.946614027
10.09.2025;2.98170805
11.09.2025;3.040934086
12.09.2025;3.107641935
13.09.2025;3.121467113
14.09.2025;3.032525063
15.09.2025;2.997108936
16.09.2025;3.03849411
17.09.2025;3.084991932
18.09.2025;3.076268911
19.09.2025;2.991852045
20.09.2025;2.978919029
21.09.2025;2.973408937
22.09.2025;2.853009939
23.09.2025;2.828156948
24.09.2025;2.928035021
25.09.2025;2.742319107
26.09.2025;2.785811901
27.09.2025;2.807734966
28.09.2025;2.86658597
29.09.2025;2.882692099
30.09.2025;2.846930981
01.10.2025;2.947278023
02.10.2025;3.039324045
03.10.2025;3.040880919
04.10.2025;2.969348907
05.10.2025;2.970640898
06.10.2025;2.990716934
07.10.2025;2.855971098
08.10.2025;2.880804062
09.10.2025;2.804909945
10.10.2025;2.35859704
11.10.2025;2.385982037
12.10.2025;2.534957886
13.10.2025;2.60649991
14.10.2025;2.505660057
15.10.2025;2.412666082
16.10.2025;2.329067945
17.10.2025;2.294239044
18.10.2025;2.360510111
19.10.2025;2.390631914
20.10.2025;2.493418932
21.10.2025;2.424271107
22.10.2025;2.363862038
23.10.2025;2.395149946
24.10.2025;2.507473946
25.10.2025;2.596446991
26.10.2025;2.645145893
27.10.2025;2.634629965
28.10.2025;2.605977058
29.10.2025;2.552021027
30.10.2025;2.439714909
31.10.2025;2.508733034
01.11.2025;2.505173922
02.11.2025;2.529094934
03.11.2025;2.309377909
04.11.2025;2.210616112
05.11.2025;2.345225096
06.11.2025;2.210848093
07.11.2025;2.31416297
08.11.2025;2.284894943
09.11.2025;2.367656946
10.11.2025;2.526365042
11.11.2025;2.39172411
12.11.2025;2.386895895
13.11.2025;2.331140041
14.11.2025;2.243982077
15.11.2025;2.235245943
16.11.2025;2.216609001
17.11.2025;2.162097931
18.11.2025;2.216479063
19.11.2025;2.107618093
20.11.2025;1.998787045
21.11.2025;1.950402975
22.11.2025;1.949751019
23.11.2025;2.046148539
